分類コード,金額,地域コード,年,月
1.1.1,4275,01100,2025,5
1.1.2,2322,01100,2025,5
1.1.3,2160,01100,2025,5
1.1.4,402,01100,2025,5
1.2.1,2657,01100,2025,5
1.2.2,796,01100,2025,5
1.2.3,493,01100,2025,5
1.2.4,906,01100,2025,5
1.3.1,6930,01100,2025,5
1.3.2,1848,01100,2025,5
1.4.1,977,01100,2025,5
1.4.2,1854,01100,2025,5
1.4.3,983,01100,2025,5
1.5.1,5431,01100,2025,5
1.5.2,614,01100,2025,5
1.5.3,826,01100,2025,5
1.5.4,814,01100,2025,5
1.6.1,1753,01100,2025,5
1.6.2,104,01100,2025,5
1.7.1,375,01100,2025,5
1.7.2,3200,01100,2025,5
1.9.1,3929,01100,2025,5
1.9.2,5527,01100,2025,5
1.10.1,1087,01100,2025,5
1.10.2,1305,01100,2025,5
1.10.3,3312,01100,2025,5
1.12.1,14689,01100,2025,5
1.12.2,975,01100,2025,5
2.2.1,348,01100,2025,5
2.2.2,1811,01100,2025,5
4.1.1,1814,01100,2025,5
4.1.2,822,01100,2025,5
4.1.3,285,01100,2025,5
5.2.1,2038,01100,2025,5
5.2.2,2001,01100,2025,5
5.2.3,469,01100,2025,5
5.3.1,1254,01100,2025,5
5.3.2,1538,01100,2025,5
5.3.3,167,01100,2025,5
5.4.1,282,01100,2025,5
5.4.2,609,01100,2025,5
5.4.3,159,01100,2025,5
7.2.1,27978,01100,2025,5
7.2.2,706,01100,2025,5
7.2.3,24931,01100,2025,5
9.4.1,3813,01100,2025,5
9.4.2,3590,01100,2025,5
9.4.3,1661,01100,2025,5
9.4.4,11896,01100,2025,5
10.1.1,1998,01100,2025,5
10.1.2,6344,01100,2025,5
10.1.3,1922,01100,2025,5
10.1.4,1063,01100,2025,5
10.1.5,12765,01100,2025,5
10.3.1,4591,01100,2025,5
10.3.2,58,01100,2025,5
10.3.3,476,01100,2025,5
10.3.4,581,01100,2025,5
10.3.5,422,01100,2025,5
10.3.6,3858,01100,2025,5
10.3.7,4772,01100,2025,5
1.1.1,5070,02201,2025,5
1.1.2,2188,02201,2025,5
1.1.3,1889,02201,2025,5
1.1.4,299,02201,2025,5
1.2.1,2897,02201,2025,5
1.2.2,963,02201,2025,5
1.2.3,352,02201,2025,5
1.2.4,863,02201,2025,5
1.3.1,6638,02201,2025,5
1.3.2,2036,02201,2025,5
1.4.1,1475,02201,2025,5
1.4.2,1823,02201,2025,5
1.4.3,914,02201,2025,5
1.5.1,5384,02201,2025,5
1.5.2,687,02201,2025,5
1.5.3,1199,02201,2025,5
1.5.4,1133,02201,2025,5
1.6.1,1965,02201,2025,5
1.6.2,294,02201,2025,5
1.7.1,344,02201,2025,5
1.7.2,3292,02201,2025,5
1.9.1,5043,02201,2025,5
1.9.2,6938,02201,2025,5
1.10.1,772,02201,2025,5
1.10.2,1418,02201,2025,5
1.10.3,3283,02201,2025,5
1.12.1,11018,02201,2025,5
1.12.2,372,02201,2025,5
2.2.1,236,02201,2025,5
2.2.2,501,02201,2025,5
4.1.1,1188,02201,2025,5
4.1.2,0,02201,2025,5
4.1.3,0,02201,2025,5
5.2.1,332,02201,2025,5
5.2.2,1064,02201,2025,5
5.2.3,772,02201,2025,5
5.3.1,420,02201,2025,5
5.3.2,523,02201,2025,5
5.3.3,202,02201,2025,5
5.4.1,601,02201,2025,5
5.4.2,213,02201,2025,5
5.4.3,623,02201,2025,5
7.2.1,0,02201,2025,5
7.2.2,1983,02201,2025,5
7.2.3,24309,02201,2025,5
9.4.1,0,02201,2025,5
9.4.2,1933,02201,2025,5
9.4.3,583,02201,2025,5
9.4.4,9634,02201,2025,5
10.1.1,2070,02201,2025,5
10.1.2,4539,02201,2025,5
10.1.3,1051,02201,2025,5
10.1.4,2459,02201,2025,5
10.1.5,8314,02201,2025,5
10.3.1,1642,02201,2025,5
10.3.2,158,02201,2025,5
10.3.3,168,02201,2025,5
10.3.4,122,02201,2025,5
10.3.5,112,02201,2025,5
10.3.6,1269,02201,2025,5
10.3.7,1667,02201,2025,5
1.1.1,3064,03201,2025,5
1.1.2,1926,03201,2025,5
1.1.3,1910,03201,2025,5
1.1.4,406,03201,2025,5
1.2.1,2185,03201,2025,5
1.2.2,711,03201,2025,5
1.2.3,388,03201,2025,5
1.2.4,868,03201,2025,5
1.3.1,5404,03201,2025,5
1.3.2,1500,03201,2025,5
1.4.1,1049,03201,2025,5
1.4.2,1695,03201,2025,5
1.4.3,1074,03201,2025,5
1.5.1,5842,03201,2025,5
1.5.2,659,03201,2025,5
1.5.3,1303,03201,2025,5
1.5.4,893,03201,2025,5
1.6.1,1653,03201,2025,5
1.6.2,412,03201,2025,5
1.7.1,318,03201,2025,5
1.7.2,3283,03201,2025,5
1.9.1,4169,03201,2025,5
1.9.2,5775,03201,2025,5
1.10.1,931,03201,2025,5
1.10.2,1063,03201,2025,5
1.10.3,2962,03201,2025,5
1.12.1,17970,03201,2025,5
1.12.2,2138,03201,2025,5
2.2.1,102,03201,2025,5
2.2.2,242,03201,2025,5
4.1.1,5959,03201,2025,5
4.1.2,0,03201,2025,5
4.1.3,150,03201,2025,5
5.2.1,1751,03201,2025,5
5.2.2,1814,03201,2025,5
5.2.3,197,03201,2025,5
5.3.1,954,03201,2025,5
5.3.2,916,03201,2025,5
5.3.3,294,03201,2025,5
5.4.1,76,03201,2025,5
5.4.2,446,03201,2025,5
5.4.3,210,03201,2025,5
7.2.1,0,03201,2025,5
7.2.2,0,03201,2025,5
7.2.3,22993,03201,2025,5
9.4.1,666,03201,2025,5
9.4.2,0,03201,2025,5
9.4.3,2064,03201,2025,5
9.4.4,8887,03201,2025,5
10.1.1,3058,03201,2025,5
10.1.2,4100,03201,2025,5
10.1.3,1810,03201,2025,5
10.1.4,1466,03201,2025,5
10.1.5,9751,03201,2025,5
10.3.1,2811,03201,2025,5
10.3.2,50,03201,2025,5
10.3.3,718,03201,2025,5
10.3.4,293,03201,2025,5
10.3.5,271,03201,2025,5
10.3.6,4849,03201,2025,5
10.3.7,6197,03201,2025,5
1.1.1,2025,04100,2025,5
1.1.2,2958,04100,2025,5
1.1.3,2010,04100,2025,5
1.1.4,530,04100,2025,5
1.2.1,2191,04100,2025,5
1.2.2,864,04100,2025,5
1.2.3,591,04100,2025,5
1.2.4,751,04100,2025,5
1.3.1,5380,04100,2025,5
1.3.2,1551,04100,2025,5
1.4.1,1931,04100,2025,5
1.4.2,2102,04100,2025,5
1.4.3,1201,04100,2025,5
1.5.1,6198,04100,2025,5
1.5.2,776,04100,2025,5
1.5.3,1321,04100,2025,5
1.5.4,1102,04100,2025,5
1.6.1,2113,04100,2025,5
1.6.2,241,04100,2025,5
1.7.1,410,04100,2025,5
1.7.2,3532,04100,2025,5
1.9.1,6168,04100,2025,5
1.9.2,6282,04100,2025,5
1.10.1,1520,04100,2025,5
1.10.2,1045,04100,2025,5
1.10.3,3924,04100,2025,5
1.12.1,12884,04100,2025,5
1.12.2,713,04100,2025,5
2.2.1,685,04100,2025,5
2.2.2,1315,04100,2025,5
4.1.1,443,04100,2025,5
4.1.2,85,04100,2025,5
4.1.3,9762,04100,2025,5
5.2.1,2361,04100,2025,5
5.2.2,2016,04100,2025,5
5.2.3,909,04100,2025,5
5.3.1,1732,04100,2025,5
5.3.2,1084,04100,2025,5
5.3.3,487,04100,2025,5
5.4.1,436,04100,2025,5
5.4.2,298,04100,2025,5
5.4.3,285,04100,2025,5
7.2.1,0,04100,2025,5
7.2.2,0,04100,2025,5
7.2.3,17517,04100,2025,5
9.4.1,661,04100,2025,5
9.4.2,0,04100,2025,5
9.4.3,2308,04100,2025,5
9.4.4,9812,04100,2025,5
10.1.1,4073,04100,2025,5
10.1.2,6370,04100,2025,5
10.1.3,796,04100,2025,5
10.1.4,965,04100,2025,5
10.1.5,14293,04100,2025,5
10.3.1,3172,04100,2025,5
10.3.2,1249,04100,2025,5
10.3.3,25,04100,2025,5
10.3.4,2043,04100,2025,5
10.3.5,36,04100,2025,5
10.3.6,2699,04100,2025,5
10.3.7,6033,04100,2025,5
1.1.1,2141,05201,2025,5
1.1.2,2711,05201,2025,5
1.1.3,2427,05201,2025,5
1.1.4,368,05201,2025,5
1.2.1,3182,05201,2025,5
1.2.2,1603,05201,2025,5
1.2.3,549,05201,2025,5
1.2.4,1059,05201,2025,5
1.3.1,6889,05201,2025,5
1.3.2,2499,05201,2025,5
1.4.1,1308,05201,2025,5
1.4.2,2197,05201,2025,5
1.4.3,1242,05201,2025,5
1.5.1,6372,05201,2025,5
1.5.2,1103,05201,2025,5
1.5.3,1233,05201,2025,5
1.5.4,1313,05201,2025,5
1.6.1,1910,05201,2025,5
1.6.2,249,05201,2025,5
1.7.1,390,05201,2025,5
1.7.2,3805,05201,2025,5
1.9.1,5499,05201,2025,5
1.9.2,7293,05201,2025,5
1.10.1,1106,05201,2025,5
1.10.2,1274,05201,2025,5
1.10.3,3388,05201,2025,5
1.12.1,17057,05201,2025,5
1.12.2,3030,05201,2025,5
2.2.1,151,05201,2025,5
2.2.2,133,05201,2025,5
4.1.1,623,05201,2025,5
4.1.2,963,05201,2025,5
4.1.3,0,05201,2025,5
5.2.1,385,05201,2025,5
5.2.2,941,05201,2025,5
5.2.3,870,05201,2025,5
5.3.1,784,05201,2025,5
5.3.2,1255,05201,2025,5
5.3.3,331,05201,2025,5
5.4.1,517,05201,2025,5
5.4.2,649,05201,2025,5
5.4.3,217,05201,2025,5
7.2.1,0,05201,2025,5
7.2.2,709,05201,2025,5
7.2.3,21758,05201,2025,5
9.4.1,618,05201,2025,5
9.4.2,373,05201,2025,5
9.4.3,3566,05201,2025,5
9.4.4,11516,05201,2025,5
10.1.1,2227,05201,2025,5
10.1.2,4663,05201,2025,5
10.1.3,1311,05201,2025,5
10.1.4,2135,05201,2025,5
10.1.5,12780,05201,2025,5
10.3.1,2254,05201,2025,5
10.3.2,857,05201,2025,5
10.3.3,466,05201,2025,5
10.3.4,186,05201,2025,5
10.3.5,837,05201,2025,5
10.3.6,1415,05201,2025,5
10.3.7,5912,05201,2025,5
1.1.1,2705,06201,2025,5
1.1.2,2542,06201,2025,5
1.1.3,2386,06201,2025,5
1.1.4,442,06201,2025,5
1.2.1,2407,06201,2025,5
1.2.2,1074,06201,2025,5
1.2.3,554,06201,2025,5
1.2.4,955,06201,2025,5
1.3.1,6690,06201,2025,5
1.3.2,2223,06201,2025,5
1.4.1,1127,06201,2025,5
1.4.2,2191,06201,2025,5
1.4.3,931,06201,2025,5
1.5.1,6123,06201,2025,5
1.5.2,907,06201,2025,5
1.5.3,1347,06201,2025,5
1.5.4,1126,06201,2025,5
1.6.1,1664,06201,2025,5
1.6.2,322,06201,2025,5
1.7.1,256,06201,2025,5
1.7.2,3647,06201,2025,5
1.9.1,5182,06201,2025,5
1.9.2,6294,06201,2025,5
1.10.1,1262,06201,2025,5
1.10.2,1340,06201,2025,5
1.10.3,2592,06201,2025,5
1.12.1,18923,06201,2025,5
1.12.2,338,06201,2025,5
2.2.1,789,06201,2025,5
2.2.2,17855,06201,2025,5
4.1.1,1159,06201,2025,5
4.1.2,30,06201,2025,5
4.1.3,31,06201,2025,5
5.2.1,669,06201,2025,5
5.2.2,2658,06201,2025,5
5.2.3,255,06201,2025,5
5.3.1,1059,06201,2025,5
5.3.2,1291,06201,2025,5
5.3.3,400,06201,2025,5
5.4.1,413,06201,2025,5
5.4.2,846,06201,2025,5
5.4.3,322,06201,2025,5
7.2.1,0,06201,2025,5
7.2.2,0,06201,2025,5
7.2.3,23106,06201,2025,5
9.4.1,3691,06201,2025,5
9.4.2,205,06201,2025,5
9.4.3,4614,06201,2025,5
9.4.4,12243,06201,2025,5
10.1.1,4291,06201,2025,5
10.1.2,4018,06201,2025,5
10.1.3,1117,06201,2025,5
10.1.4,283,06201,2025,5
10.1.5,19868,06201,2025,5
10.3.1,3948,06201,2025,5
10.3.2,93,06201,2025,5
10.3.3,491,06201,2025,5
10.3.4,2909,06201,2025,5
10.3.5,749,06201,2025,5
10.3.6,6102,06201,2025,5
10.3.7,4642,06201,2025,5
1.1.1,3473,07201,2025,5
1.1.2,3200,07201,2025,5
1.1.3,1971,07201,2025,5
1.1.4,349,07201,2025,5
1.2.1,2394,07201,2025,5
1.2.2,1378,07201,2025,5
1.2.3,595,07201,2025,5
1.2.4,1116,07201,2025,5
1.3.1,6074,07201,2025,5
1.3.2,1824,07201,2025,5
1.4.1,1046,07201,2025,5
1.4.2,2513,07201,2025,5
1.4.3,1359,07201,2025,5
1.5.1,6777,07201,2025,5
1.5.2,902,07201,2025,5
1.5.3,1531,07201,2025,5
1.5.4,1063,07201,2025,5
1.6.1,2275,07201,2025,5
1.6.2,219,07201,2025,5
1.7.1,389,07201,2025,5
1.7.2,3670,07201,2025,5
1.9.1,5894,07201,2025,5
1.9.2,9063,07201,2025,5
1.10.1,1508,07201,2025,5
1.10.2,1387,07201,2025,5
1.10.3,3438,07201,2025,5
1.12.1,18521,07201,2025,5
1.12.2,1168,07201,2025,5
2.2.1,712,07201,2025,5
2.2.2,14762,07201,2025,5
4.1.1,201,07201,2025,5
4.1.2,101,07201,2025,5
4.1.3,0,07201,2025,5
5.2.1,2512,07201,2025,5
5.2.2,742,07201,2025,5
5.2.3,317,07201,2025,5
5.3.1,1489,07201,2025,5
5.3.2,1796,07201,2025,5
5.3.3,359,07201,2025,5
5.4.1,175,07201,2025,5
5.4.2,456,07201,2025,5
5.4.3,93,07201,2025,5
7.2.1,18510,07201,2025,5
7.2.2,0,07201,2025,5
7.2.3,43452,07201,2025,5
9.4.1,2650,07201,2025,5
9.4.2,84,07201,2025,5
9.4.3,2802,07201,2025,5
9.4.4,10199,07201,2025,5
10.1.1,4801,07201,2025,5
10.1.2,6864,07201,2025,5
10.1.3,1297,07201,2025,5
10.1.4,274,07201,2025,5
10.1.5,15426,07201,2025,5
10.3.1,6655,07201,2025,5
10.3.2,206,07201,2025,5
10.3.3,336,07201,2025,5
10.3.4,1805,07201,2025,5
10.3.5,1131,07201,2025,5
10.3.6,5127,07201,2025,5
10.3.7,8726,07201,2025,5
1.1.1,3655,08201,2025,5
1.1.2,2539,08201,2025,5
1.1.3,1600,08201,2025,5
1.1.4,392,08201,2025,5
1.2.1,3407,08201,2025,5
1.2.2,866,08201,2025,5
1.2.3,541,08201,2025,5
1.2.4,1195,08201,2025,5
1.3.1,4951,08201,2025,5
1.3.2,1269,08201,2025,5
1.4.1,1055,08201,2025,5
1.4.2,2414,08201,2025,5
1.4.3,1126,08201,2025,5
1.5.1,5761,08201,2025,5
1.5.2,711,08201,2025,5
1.5.3,1275,08201,2025,5
1.5.4,930,08201,2025,5
1.6.1,2170,08201,2025,5
1.6.2,275,08201,2025,5
1.7.1,296,08201,2025,5
1.7.2,3107,08201,2025,5
1.9.1,6090,08201,2025,5
1.9.2,5761,08201,2025,5
1.10.1,1006,08201,2025,5
1.10.2,1663,08201,2025,5
1.10.3,3629,08201,2025,5
1.12.1,21950,08201,2025,5
1.12.2,0,08201,2025,5
2.2.1,200,08201,2025,5
2.2.2,1071,08201,2025,5
4.1.1,11933,08201,2025,5
4.1.2,7307,08201,2025,5
4.1.3,0,08201,2025,5
5.2.1,927,08201,2025,5
5.2.2,2040,08201,2025,5
5.2.3,544,08201,2025,5
5.3.1,611,08201,2025,5
5.3.2,2897,08201,2025,5
5.3.3,171,08201,2025,5
5.4.1,251,08201,2025,5
5.4.2,361,08201,2025,5
5.4.3,105,08201,2025,5
7.2.1,0,08201,2025,5
7.2.2,0,08201,2025,5
7.2.3,37332,08201,2025,5
9.4.1,3163,08201,2025,5
9.4.2,49,08201,2025,5
9.4.3,11646,08201,2025,5
9.4.4,10673,08201,2025,5
10.1.1,2716,08201,2025,5
10.1.2,5018,08201,2025,5
10.1.3,3875,08201,2025,5
10.1.4,2221,08201,2025,5
10.1.5,16485,08201,2025,5
10.3.1,7946,08201,2025,5
10.3.2,261,08201,2025,5
10.3.3,607,08201,2025,5
10.3.4,2229,08201,2025,5
10.3.5,290,08201,2025,5
10.3.6,1920,08201,2025,5
10.3.7,4890,08201,2025,5
1.1.1,2093,09201,2025,5
1.1.2,3113,09201,2025,5
1.1.3,1728,09201,2025,5
1.1.4,528,09201,2025,5
1.2.1,2053,09201,2025,5
1.2.2,924,09201,2025,5
1.2.3,392,09201,2025,5
1.2.4,746,09201,2025,5
1.3.1,6238,09201,2025,5
1.3.2,1242,09201,2025,5
1.4.1,1343,09201,2025,5
1.4.2,1890,09201,2025,5
1.4.3,1012,09201,2025,5
1.5.1,5150,09201,2025,5
1.5.2,688,09201,2025,5
1.5.3,1020,09201,2025,5
1.5.4,933,09201,2025,5
1.6.1,1910,09201,2025,5
1.6.2,265,09201,2025,5
1.7.1,418,09201,2025,5
1.7.2,3279,09201,2025,5
1.9.1,5958,09201,2025,5
1.9.2,7987,09201,2025,5
1.10.1,1229,09201,2025,5
1.10.2,1259,09201,2025,5
1.10.3,4557,09201,2025,5
1.12.1,18290,09201,2025,5
1.12.2,1024,09201,2025,5
2.2.1,1560,09201,2025,5
2.2.2,1474,09201,2025,5
4.1.1,1884,09201,2025,5
4.1.2,3039,09201,2025,5
4.1.3,1082,09201,2025,5
5.2.1,4097,09201,2025,5
5.2.2,1065,09201,2025,5
5.2.3,154,09201,2025,5
5.3.1,865,09201,2025,5
5.3.2,941,09201,2025,5
5.3.3,248,09201,2025,5
5.4.1,431,09201,2025,5
5.4.2,438,09201,2025,5
5.4.3,232,09201,2025,5
7.2.1,0,09201,2025,5
7.2.2,0,09201,2025,5
7.2.3,22783,09201,2025,5
9.4.1,1438,09201,2025,5
9.4.2,4925,09201,2025,5
9.4.3,2338,09201,2025,5
9.4.4,11839,09201,2025,5
10.1.1,3506,09201,2025,5
10.1.2,6544,09201,2025,5
10.1.3,1399,09201,2025,5
10.1.4,1988,09201,2025,5
10.1.5,11455,09201,2025,5
10.3.1,2772,09201,2025,5
10.3.2,324,09201,2025,5
10.3.3,963,09201,2025,5
10.3.4,962,09201,2025,5
10.3.5,200,09201,2025,5
10.3.6,3258,09201,2025,5
10.3.7,3624,09201,2025,5
1.1.1,4437,10201,2025,5
1.1.2,3217,10201,2025,5
1.1.3,1882,10201,2025,5
1.1.4,570,10201,2025,5
1.2.1,2435,10201,2025,5
1.2.2,774,10201,2025,5
1.2.3,568,10201,2025,5
1.2.4,921,10201,2025,5
1.3.1,6292,10201,2025,5
1.3.2,1554,10201,2025,5
1.4.1,1004,10201,2025,5
1.4.2,2705,10201,2025,5
1.4.3,1271,10201,2025,5
1.5.1,6046,10201,2025,5
1.5.2,1141,10201,2025,5
1.5.3,1376,10201,2025,5
1.5.4,1065,10201,2025,5
1.6.1,2026,10201,2025,5
1.6.2,367,10201,2025,5
1.7.1,366,10201,2025,5
1.7.2,3285,10201,2025,5
1.9.1,7673,10201,2025,5
1.9.2,7176,10201,2025,5
1.10.1,1967,10201,2025,5
1.10.2,1309,10201,2025,5
1.10.3,3850,10201,2025,5
1.12.1,14327,10201,2025,5
1.12.2,75,10201,2025,5
2.2.1,1234,10201,2025,5
2.2.2,10318,10201,2025,5
4.1.1,0,10201,2025,5
4.1.2,532,10201,2025,5
4.1.3,0,10201,2025,5
5.2.1,2213,10201,2025,5
5.2.2,1663,10201,2025,5
5.2.3,615,10201,2025,5
5.3.1,924,10201,2025,5
5.3.2,1495,10201,2025,5
5.3.3,126,10201,2025,5
5.4.1,482,10201,2025,5
5.4.2,756,10201,2025,5
5.4.3,43,10201,2025,5
7.2.1,0,10201,2025,5
7.2.2,0,10201,2025,5
7.2.3,31056,10201,2025,5
9.4.1,967,10201,2025,5
9.4.2,477,10201,2025,5
9.4.3,1477,10201,2025,5
9.4.4,7746,10201,2025,5
10.1.1,3359,10201,2025,5
10.1.2,6179,10201,2025,5
10.1.3,999,10201,2025,5
10.1.4,1011,10201,2025,5
10.1.5,11722,10201,2025,5
10.3.1,3071,10201,2025,5
10.3.2,206,10201,2025,5
10.3.3,298,10201,2025,5
10.3.4,2304,10201,2025,5
10.3.5,201,10201,2025,5
10.3.6,6188,10201,2025,5
10.3.7,1822,10201,2025,5
1.1.1,2975,11100,2025,5
1.1.2,3908,11100,2025,5
1.1.3,1829,11100,2025,5
1.1.4,589,11100,2025,5
1.2.1,2673,11100,2025,5
1.2.2,729,11100,2025,5
1.2.3,484,11100,2025,5
1.2.4,647,11100,2025,5
1.3.1,6592,11100,2025,5
1.3.2,1611,11100,2025,5
1.4.1,1542,11100,2025,5
1.4.2,2536,11100,2025,5
1.4.3,1067,11100,2025,5
1.5.1,6363,11100,2025,5
1.5.2,593,11100,2025,5
1.5.3,1213,11100,2025,5
1.5.4,1079,11100,2025,5
1.6.1,2115,11100,2025,5
1.6.2,266,11100,2025,5
1.7.1,447,11100,2025,5
1.7.2,3598,11100,2025,5
1.9.1,7528,11100,2025,5
1.9.2,8129,11100,2025,5
1.10.1,1676,11100,2025,5
1.10.2,1584,11100,2025,5
1.10.3,3562,11100,2025,5
1.12.1,26592,11100,2025,5
1.12.2,558,11100,2025,5
2.2.1,1753,11100,2025,5
2.2.2,2610,11100,2025,5
4.1.1,7624,11100,2025,5
4.1.2,238,11100,2025,5
4.1.3,702,11100,2025,5
5.2.1,1521,11100,2025,5
5.2.2,2036,11100,2025,5
5.2.3,1215,11100,2025,5
5.3.1,1753,11100,2025,5
5.3.2,2116,11100,2025,5
5.3.3,189,11100,2025,5
5.4.1,505,11100,2025,5
5.4.2,1104,11100,2025,5
5.4.3,346,11100,2025,5
7.2.1,0,11100,2025,5
7.2.2,0,11100,2025,5
7.2.3,22312,11100,2025,5
9.4.1,4670,11100,2025,5
9.4.2,1120,11100,2025,5
9.4.3,2269,11100,2025,5
9.4.4,16394,11100,2025,5
10.1.1,5535,11100,2025,5
10.1.2,9333,11100,2025,5
10.1.3,1939,11100,2025,5
10.1.4,1345,11100,2025,5
10.1.5,13383,11100,2025,5
10.3.1,3784,11100,2025,5
10.3.2,320,11100,2025,5
10.3.3,1127,11100,2025,5
10.3.4,683,11100,2025,5
10.3.5,474,11100,2025,5
10.3.6,12054,11100,2025,5
10.3.7,8087,11100,2025,5
1.1.1,4279,12100,2025,5
1.1.2,2408,12100,2025,5
1.1.3,1929,12100,2025,5
1.1.4,548,12100,2025,5
1.2.1,3155,12100,2025,5
1.2.2,897,12100,2025,5
1.2.3,393,12100,2025,5
1.2.4,681,12100,2025,5
1.3.1,7877,12100,2025,5
1.3.2,1298,12100,2025,5
1.4.1,1044,12100,2025,5
1.4.2,1711,12100,2025,5
1.4.3,1130,12100,2025,5
1.5.1,6407,12100,2025,5
1.5.2,710,12100,2025,5
1.5.3,1104,12100,2025,5
1.5.4,981,12100,2025,5
1.6.1,2088,12100,2025,5
1.6.2,190,12100,2025,5
1.7.1,415,12100,2025,5
1.7.2,3368,12100,2025,5
1.9.1,6091,12100,2025,5
1.9.2,6990,12100,2025,5
1.10.1,1297,12100,2025,5
1.10.2,1622,12100,2025,5
1.10.3,3276,12100,2025,5
1.12.1,25451,12100,2025,5
1.12.2,94,12100,2025,5
2.2.1,5533,12100,2025,5
2.2.2,2017,12100,2025,5
4.1.1,219,12100,2025,5
4.1.2,3441,12100,2025,5
4.1.3,4412,12100,2025,5
5.2.1,4573,12100,2025,5
5.2.2,1430,12100,2025,5
5.2.3,321,12100,2025,5
5.3.1,1180,12100,2025,5
5.3.2,1754,12100,2025,5
5.3.3,0,12100,2025,5
5.4.1,468,12100,2025,5
5.4.2,698,12100,2025,5
5.4.3,57,12100,2025,5
7.2.1,0,12100,2025,5
7.2.2,0,12100,2025,5
7.2.3,21665,12100,2025,5
9.4.1,5781,12100,2025,5
9.4.2,52,12100,2025,5
9.4.3,2597,12100,2025,5
9.4.4,12435,12100,2025,5
10.1.1,5259,12100,2025,5
10.1.2,6600,12100,2025,5
10.1.3,1289,12100,2025,5
10.1.4,1856,12100,2025,5
10.1.5,12311,12100,2025,5
10.3.1,3146,12100,2025,5
10.3.2,292,12100,2025,5
10.3.3,313,12100,2025,5
10.3.4,953,12100,2025,5
10.3.5,276,12100,2025,5
10.3.6,1353,12100,2025,5
10.3.7,6534,12100,2025,5
1.1.1,3464,13100,2025,5
1.1.2,3277,13100,2025,5
1.1.3,1843,13100,2025,5
1.1.4,473,13100,2025,5
1.2.1,3356,13100,2025,5
1.2.2,1143,13100,2025,5
1.2.3,493,13100,2025,5
1.2.4,962,13100,2025,5
1.3.1,7513,13100,2025,5
1.3.2,1710,13100,2025,5
1.4.1,1303,13100,2025,5
1.4.2,2563,13100,2025,5
1.4.3,1064,13100,2025,5
1.5.1,7124,13100,2025,5
1.5.2,655,13100,2025,5
1.5.3,1087,13100,2025,5
1.5.4,1075,13100,2025,5
1.6.1,2814,13100,2025,5
1.6.2,407,13100,2025,5
1.7.1,422,13100,2025,5
1.7.2,3586,13100,2025,5
1.9.1,7155,13100,2025,5
1.9.2,8448,13100,2025,5
1.10.1,1455,13100,2025,5
1.10.2,1480,13100,2025,5
1.10.3,3510,13100,2025,5
1.12.1,30228,13100,2025,5
1.12.2,48,13100,2025,5
2.2.1,4787,13100,2025,5
2.2.2,2364,13100,2025,5
4.1.1,4973,13100,2025,5
4.1.2,3092,13100,2025,5
4.1.3,943,13100,2025,5
5.2.1,2404,13100,2025,5
5.2.2,3910,13100,2025,5
5.2.3,635,13100,2025,5
5.3.1,1790,13100,2025,5
5.3.2,1811,13100,2025,5
5.3.3,349,13100,2025,5
5.4.1,194,13100,2025,5
5.4.2,1161,13100,2025,5
5.4.3,328,13100,2025,5
7.2.1,0,13100,2025,5
7.2.2,149,13100,2025,5
7.2.3,14526,13100,2025,5
9.4.1,8794,13100,2025,5
9.4.2,16005,13100,2025,5
9.4.3,8951,13100,2025,5
9.4.4,14909,13100,2025,5
10.1.1,5454,13100,2025,5
10.1.2,6635,13100,2025,5
10.1.3,3103,13100,2025,5
10.1.4,1291,13100,2025,5
10.1.5,15346,13100,2025,5
10.3.1,5015,13100,2025,5
10.3.2,61,13100,2025,5
10.3.3,284,13100,2025,5
10.3.4,2364,13100,2025,5
10.3.5,266,13100,2025,5
10.3.6,4403,13100,2025,5
10.3.7,3724,13100,2025,5
1.1.1,4918,14100,2025,5
1.1.2,3399,14100,2025,5
1.1.3,1641,14100,2025,5
1.1.4,540,14100,2025,5
1.2.1,3561,14100,2025,5
1.2.2,924,14100,2025,5
1.2.3,548,14100,2025,5
1.2.4,789,14100,2025,5
1.3.1,8029,14100,2025,5
1.3.2,2139,14100,2025,5
1.4.1,1459,14100,2025,5
1.4.2,2587,14100,2025,5
1.4.3,1108,14100,2025,5
1.5.1,6797,14100,2025,5
1.5.2,729,14100,2025,5
1.5.3,774,14100,2025,5
1.5.4,1110,14100,2025,5
1.6.1,2562,14100,2025,5
1.6.2,400,14100,2025,5
1.7.1,409,14100,2025,5
1.7.2,4047,14100,2025,5
1.9.1,5453,14100,2025,5
1.9.2,6741,14100,2025,5
1.10.1,1618,14100,2025,5
1.10.2,965,14100,2025,5
1.10.3,3676,14100,2025,5
1.12.1,21588,14100,2025,5
1.12.2,2123,14100,2025,5
2.2.1,268,14100,2025,5
2.2.2,48011,14100,2025,5
4.1.1,6216,14100,2025,5
4.1.2,7186,14100,2025,5
4.1.3,557,14100,2025,5
5.2.1,812,14100,2025,5
5.2.2,1532,14100,2025,5
5.2.3,591,14100,2025,5
5.3.1,1480,14100,2025,5
5.3.2,2113,14100,2025,5
5.3.3,445,14100,2025,5
5.4.1,342,14100,2025,5
5.4.2,673,14100,2025,5
5.4.3,350,14100,2025,5
7.2.1,0,14100,2025,5
7.2.2,0,14100,2025,5
7.2.3,18873,14100,2025,5
9.4.1,1720,14100,2025,5
9.4.2,692,14100,2025,5
9.4.3,6609,14100,2025,5
9.4.4,11006,14100,2025,5
10.1.1,2818,14100,2025,5
10.1.2,4959,14100,2025,5
10.1.3,2128,14100,2025,5
10.1.4,632,14100,2025,5
10.1.5,17581,14100,2025,5
10.3.1,5163,14100,2025,5
10.3.2,132,14100,2025,5
10.3.3,171,14100,2025,5
10.3.4,1493,14100,2025,5
10.3.5,565,14100,2025,5
10.3.6,892,14100,2025,5
10.3.7,2767,14100,2025,5
1.1.1,2391,15100,2025,5
1.1.2,3212,15100,2025,5
1.1.3,2118,15100,2025,5
1.1.4,495,15100,2025,5
1.2.1,2691,15100,2025,5
1.2.2,915,15100,2025,5
1.2.3,630,15100,2025,5
1.2.4,981,15100,2025,5
1.3.1,6615,15100,2025,5
1.3.2,1981,15100,2025,5
1.4.1,1109,15100,2025,5
1.4.2,2169,15100,2025,5
1.4.3,1210,15100,2025,5
1.5.1,7177,15100,2025,5
1.5.2,771,15100,2025,5
1.5.3,1082,15100,2025,5
1.5.4,1203,15100,2025,5
1.6.1,2381,15100,2025,5
1.6.2,388,15100,2025,5
1.7.1,544,15100,2025,5
1.7.2,4138,15100,2025,5
1.9.1,6435,15100,2025,5
1.9.2,8802,15100,2025,5
1.10.1,1031,15100,2025,5
1.10.2,1336,15100,2025,5
1.10.3,4191,15100,2025,5
1.12.1,16111,15100,2025,5
1.12.2,4203,15100,2025,5
2.2.1,164,15100,2025,5
2.2.2,672,15100,2025,5
4.1.1,1237,15100,2025,5
4.1.2,215,15100,2025,5
4.1.3,151,15100,2025,5
5.2.1,408,15100,2025,5
5.2.2,2776,15100,2025,5
5.2.3,1183,15100,2025,5
5.3.1,906,15100,2025,5
5.3.2,2020,15100,2025,5
5.3.3,640,15100,2025,5
5.4.1,143,15100,2025,5
5.4.2,1019,15100,2025,5
5.4.3,99,15100,2025,5
7.2.1,0,15100,2025,5
7.2.2,1525,15100,2025,5
7.2.3,17993,15100,2025,5
9.4.1,4175,15100,2025,5
9.4.2,330,15100,2025,5
9.4.3,4216,15100,2025,5
9.4.4,9996,15100,2025,5
10.1.1,4340,15100,2025,5
10.1.2,6602,15100,2025,5
10.1.3,2775,15100,2025,5
10.1.4,2420,15100,2025,5
10.1.5,14351,15100,2025,5
10.3.1,2474,15100,2025,5
10.3.2,362,15100,2025,5
10.3.3,83,15100,2025,5
10.3.4,1003,15100,2025,5
10.3.5,459,15100,2025,5
10.3.6,2054,15100,2025,5
10.3.7,2550,15100,2025,5
1.1.1,2917,16201,2025,5
1.1.2,2989,16201,2025,5
1.1.3,1847,16201,2025,5
1.1.4,633,16201,2025,5
1.2.1,3520,16201,2025,5
1.2.2,1105,16201,2025,5
1.2.3,842,16201,2025,5
1.2.4,989,16201,2025,5
1.3.1,7692,16201,2025,5
1.3.2,1535,16201,2025,5
1.4.1,1277,16201,2025,5
1.4.2,2139,16201,2025,5
1.4.3,1072,16201,2025,5
1.5.1,7657,16201,2025,5
1.5.2,753,16201,2025,5
1.5.3,1498,16201,2025,5
1.5.4,1112,16201,2025,5
1.6.1,2625,16201,2025,5
1.6.2,479,16201,2025,5
1.7.1,306,16201,2025,5
1.7.2,3216,16201,2025,5
1.9.1,5280,16201,2025,5
1.9.2,8469,16201,2025,5
1.10.1,891,16201,2025,5
1.10.2,1315,16201,2025,5
1.10.3,3325,16201,2025,5
1.12.1,12154,16201,2025,5
1.12.2,1132,16201,2025,5
2.2.1,183,16201,2025,5
2.2.2,12623,16201,2025,5
4.1.1,495,16201,2025,5
4.1.2,0,16201,2025,5
4.1.3,416,16201,2025,5
5.2.1,431,16201,2025,5
5.2.2,1522,16201,2025,5
5.2.3,291,16201,2025,5
5.3.1,825,16201,2025,5
5.3.2,1488,16201,2025,5
5.3.3,276,16201,2025,5
5.4.1,203,16201,2025,5
5.4.2,379,16201,2025,5
5.4.3,410,16201,2025,5
7.2.1,0,16201,2025,5
7.2.2,653,16201,2025,5
7.2.3,34660,16201,2025,5
9.4.1,807,16201,2025,5
9.4.2,12255,16201,2025,5
9.4.3,2940,16201,2025,5
9.4.4,10874,16201,2025,5
10.1.1,4804,16201,2025,5
10.1.2,6502,16201,2025,5
10.1.3,1313,16201,2025,5
10.1.4,684,16201,2025,5
10.1.5,14032,16201,2025,5
10.3.1,4704,16201,2025,5
10.3.2,490,16201,2025,5
10.3.3,919,16201,2025,5
10.3.4,2932,16201,2025,5
10.3.5,636,16201,2025,5
10.3.6,6563,16201,2025,5
10.3.7,3189,16201,2025,5
1.1.1,2457,17201,2025,5
1.1.2,3050,17201,2025,5
1.1.3,1693,17201,2025,5
1.1.4,446,17201,2025,5
1.2.1,3236,17201,2025,5
1.2.2,967,17201,2025,5
1.2.3,709,17201,2025,5
1.2.4,1067,17201,2025,5
1.3.1,6376,17201,2025,5
1.3.2,1456,17201,2025,5
1.4.1,961,17201,2025,5
1.4.2,1720,17201,2025,5
1.4.3,1007,17201,2025,5
1.5.1,6606,17201,2025,5
1.5.2,866,17201,2025,5
1.5.3,1222,17201,2025,5
1.5.4,1004,17201,2025,5
1.6.1,2510,17201,2025,5
1.6.2,243,17201,2025,5
1.7.1,544,17201,2025,5
1.7.2,3757,17201,2025,5
1.9.1,4572,17201,2025,5
1.9.2,6135,17201,2025,5
1.10.1,663,17201,2025,5
1.10.2,1226,17201,2025,5
1.10.3,2805,17201,2025,5
1.12.1,14805,17201,2025,5
1.12.2,388,17201,2025,5
2.2.1,56,17201,2025,5
2.2.2,2383,17201,2025,5
4.1.1,307,17201,2025,5
4.1.2,2300,17201,2025,5
4.1.3,0,17201,2025,5
5.2.1,4195,17201,2025,5
5.2.2,3271,17201,2025,5
5.2.3,542,17201,2025,5
5.3.1,888,17201,2025,5
5.3.2,1212,17201,2025,5
5.3.3,862,17201,2025,5
5.4.1,425,17201,2025,5
5.4.2,1358,17201,2025,5
5.4.3,668,17201,2025,5
7.2.1,0,17201,2025,5
7.2.2,626,17201,2025,5
7.2.3,21727,17201,2025,5
9.4.1,4047,17201,2025,5
9.4.2,484,17201,2025,5
9.4.3,3188,17201,2025,5
9.4.4,6111,17201,2025,5
10.1.1,2821,17201,2025,5
10.1.2,4840,17201,2025,5
10.1.3,4387,17201,2025,5
10.1.4,565,17201,2025,5
10.1.5,16347,17201,2025,5
10.3.1,1290,17201,2025,5
10.3.2,0,17201,2025,5
10.3.3,35,17201,2025,5
10.3.4,508,17201,2025,5
10.3.5,6,17201,2025,5
10.3.6,1562,17201,2025,5
10.3.7,1697,17201,2025,5
1.1.1,2868,18201,2025,5
1.1.2,3594,18201,2025,5
1.1.3,1899,18201,2025,5
1.1.4,715,18201,2025,5
1.2.1,2597,18201,2025,5
1.2.2,642,18201,2025,5
1.2.3,607,18201,2025,5
1.2.4,594,18201,2025,5
1.3.1,7687,18201,2025,5
1.3.2,1759,18201,2025,5
1.4.1,1223,18201,2025,5
1.4.2,1755,18201,2025,5
1.4.3,1088,18201,2025,5
1.5.1,6269,18201,2025,5
1.5.2,597,18201,2025,5
1.5.3,1262,18201,2025,5
1.5.4,1089,18201,2025,5
1.6.1,1853,18201,2025,5
1.6.2,305,18201,2025,5
1.7.1,602,18201,2025,5
1.7.2,3253,18201,2025,5
1.9.1,5642,18201,2025,5
1.9.2,9270,18201,2025,5
1.10.1,840,18201,2025,5
1.10.2,1299,18201,2025,5
1.10.3,2909,18201,2025,5
1.12.1,16237,18201,2025,5
1.12.2,826,18201,2025,5
2.2.1,331,18201,2025,5
2.2.2,9555,18201,2025,5
4.1.1,1342,18201,2025,5
4.1.2,48,18201,2025,5
4.1.3,112,18201,2025,5
5.2.1,1659,18201,2025,5
5.2.2,1821,18201,2025,5
5.2.3,384,18201,2025,5
5.3.1,826,18201,2025,5
5.3.2,1351,18201,2025,5
5.3.3,193,18201,2025,5
5.4.1,897,18201,2025,5
5.4.2,797,18201,2025,5
5.4.3,0,18201,2025,5
7.2.1,28096,18201,2025,5
7.2.2,0,18201,2025,5
7.2.3,24121,18201,2025,5
9.4.1,3295,18201,2025,5
9.4.2,0,18201,2025,5
9.4.3,1690,18201,2025,5
9.4.4,10132,18201,2025,5
10.1.1,4074,18201,2025,5
10.1.2,4674,18201,2025,5
10.1.3,1546,18201,2025,5
10.1.4,207,18201,2025,5
10.1.5,18830,18201,2025,5
10.3.1,2376,18201,2025,5
10.3.2,164,18201,2025,5
10.3.3,480,18201,2025,5
10.3.4,5152,18201,2025,5
10.3.5,117,18201,2025,5
10.3.6,1663,18201,2025,5
10.3.7,2817,18201,2025,5
1.1.1,3111,19201,2025,5
1.1.2,2463,19201,2025,5
1.1.3,1696,19201,2025,5
1.1.4,528,19201,2025,5
1.2.1,2394,19201,2025,5
1.2.2,1313,19201,2025,5
1.2.3,436,19201,2025,5
1.2.4,635,19201,2025,5
1.3.1,5496,19201,2025,5
1.3.2,1532,19201,2025,5
1.4.1,947,19201,2025,5
1.4.2,2376,19201,2025,5
1.4.3,1015,19201,2025,5
1.5.1,5570,19201,2025,5
1.5.2,600,19201,2025,5
1.5.3,835,19201,2025,5
1.5.4,881,19201,2025,5
1.6.1,2216,19201,2025,5
1.6.2,486,19201,2025,5
1.7.1,411,19201,2025,5
1.7.2,3130,19201,2025,5
1.9.1,4623,19201,2025,5
1.9.2,6623,19201,2025,5
1.10.1,1223,19201,2025,5
1.10.2,1129,19201,2025,5
1.10.3,3265,19201,2025,5
1.12.1,15095,19201,2025,5
1.12.2,142,19201,2025,5
2.2.1,174,19201,2025,5
2.2.2,1531,19201,2025,5
4.1.1,2800,19201,2025,5
4.1.2,78,19201,2025,5
4.1.3,0,19201,2025,5
5.2.1,2401,19201,2025,5
5.2.2,2931,19201,2025,5
5.2.3,412,19201,2025,5
5.3.1,1534,19201,2025,5
5.3.2,803,19201,2025,5
5.3.3,247,19201,2025,5
5.4.1,305,19201,2025,5
5.4.2,1011,19201,2025,5
5.4.3,305,19201,2025,5
7.2.1,0,19201,2025,5
7.2.2,0,19201,2025,5
7.2.3,23604,19201,2025,5
9.4.1,3830,19201,2025,5
9.4.2,0,19201,2025,5
9.4.3,4702,19201,2025,5
9.4.4,11706,19201,2025,5
10.1.1,3002,19201,2025,5
10.1.2,4823,19201,2025,5
10.1.3,1055,19201,2025,5
10.1.4,1447,19201,2025,5
10.1.5,10882,19201,2025,5
10.3.1,2322,19201,2025,5
10.3.2,87,19201,2025,5
10.3.3,97,19201,2025,5
10.3.4,39,19201,2025,5
10.3.5,30,19201,2025,5
10.3.6,1849,19201,2025,5
10.3.7,3137,19201,2025,5
1.1.1,2874,20201,2025,5
1.1.2,2513,20201,2025,5
1.1.3,2212,20201,2025,5
1.1.4,502,20201,2025,5
1.2.1,3376,20201,2025,5
1.2.2,1589,20201,2025,5
1.2.3,593,20201,2025,5
1.2.4,1123,20201,2025,5
1.3.1,6585,20201,2025,5
1.3.2,1652,20201,2025,5
1.4.1,1274,20201,2025,5
1.4.2,1812,20201,2025,5
1.4.3,1111,20201,2025,5
1.5.1,6826,20201,2025,5
1.5.2,794,20201,2025,5
1.5.3,1159,20201,2025,5
1.5.4,1038,20201,2025,5
1.6.1,2347,20201,2025,5
1.6.2,534,20201,2025,5
1.7.1,398,20201,2025,5
1.7.2,3918,20201,2025,5
1.9.1,5226,20201,2025,5
1.9.2,7210,20201,2025,5
1.10.1,1067,20201,2025,5
1.10.2,1170,20201,2025,5
1.10.3,3072,20201,2025,5
1.12.1,12563,20201,2025,5
1.12.2,1542,20201,2025,5
2.2.1,55,20201,2025,5
2.2.2,10039,20201,2025,5
4.1.1,7045,20201,2025,5
4.1.2,1383,20201,2025,5
4.1.3,402,20201,2025,5
5.2.1,625,20201,2025,5
5.2.2,1655,20201,2025,5
5.2.3,134,20201,2025,5
5.3.1,719,20201,2025,5
5.3.2,1257,20201,2025,5
5.3.3,106,20201,2025,5
5.4.1,440,20201,2025,5
5.4.2,782,20201,2025,5
5.4.3,194,20201,2025,5
7.2.1,0,20201,2025,5
7.2.2,3661,20201,2025,5
7.2.3,31191,20201,2025,5
9.4.1,3668,20201,2025,5
9.4.2,4162,20201,2025,5
9.4.3,1890,20201,2025,5
9.4.4,10477,20201,2025,5
10.1.1,4014,20201,2025,5
10.1.2,4416,20201,2025,5
10.1.3,1058,20201,2025,5
10.1.4,641,20201,2025,5
10.1.5,20795,20201,2025,5
10.3.1,2788,20201,2025,5
10.3.2,0,20201,2025,5
10.3.3,85,20201,2025,5
10.3.4,528,20201,2025,5
10.3.5,164,20201,2025,5
10.3.6,7033,20201,2025,5
10.3.7,2367,20201,2025,5
1.1.1,3522,21201,2025,5
1.1.2,3084,21201,2025,5
1.1.3,1854,21201,2025,5
1.1.4,464,21201,2025,5
1.2.1,3050,21201,2025,5
1.2.2,736,21201,2025,5
1.2.3,487,21201,2025,5
1.2.4,854,21201,2025,5
1.3.1,6538,21201,2025,5
1.3.2,1407,21201,2025,5
1.4.1,1084,21201,2025,5
1.4.2,1574,21201,2025,5
1.4.3,1174,21201,2025,5
1.5.1,5500,21201,2025,5
1.5.2,625,21201,2025,5
1.5.3,979,21201,2025,5
1.5.4,992,21201,2025,5
1.6.1,1897,21201,2025,5
1.6.2,284,21201,2025,5
1.7.1,555,21201,2025,5
1.7.2,3524,21201,2025,5
1.9.1,4995,21201,2025,5
1.9.2,7168,21201,2025,5
1.10.1,1036,21201,2025,5
1.10.2,1100,21201,2025,5
1.10.3,2972,21201,2025,5
1.12.1,16123,21201,2025,5
1.12.2,2476,21201,2025,5
2.2.1,126,21201,2025,5
2.2.2,2546,21201,2025,5
4.1.1,0,21201,2025,5
4.1.2,4214,21201,2025,5
4.1.3,2775,21201,2025,5
5.2.1,708,21201,2025,5
5.2.2,1642,21201,2025,5
5.2.3,379,21201,2025,5
5.3.1,1445,21201,2025,5
5.3.2,2677,21201,2025,5
5.3.3,205,21201,2025,5
5.4.1,318,21201,2025,5
5.4.2,1061,21201,2025,5
5.4.3,136,21201,2025,5
7.2.1,33981,21201,2025,5
7.2.2,621,21201,2025,5
7.2.3,29950,21201,2025,5
9.4.1,0,21201,2025,5
9.4.2,24581,21201,2025,5
9.4.3,4750,21201,2025,5
9.4.4,7417,21201,2025,5
10.1.1,4124,21201,2025,5
10.1.2,5543,21201,2025,5
10.1.3,3119,21201,2025,5
10.1.4,638,21201,2025,5
10.1.5,10043,21201,2025,5
10.3.1,2706,21201,2025,5
10.3.2,88,21201,2025,5
10.3.3,249,21201,2025,5
10.3.4,307,21201,2025,5
10.3.5,114,21201,2025,5
10.3.6,1188,21201,2025,5
10.3.7,2279,21201,2025,5
1.1.1,5060,22100,2025,5
1.1.2,2737,22100,2025,5
1.1.3,1680,22100,2025,5
1.1.4,436,22100,2025,5
1.2.1,2282,22100,2025,5
1.2.2,954,22100,2025,5
1.2.3,607,22100,2025,5
1.2.4,712,22100,2025,5
1.3.1,5746,22100,2025,5
1.3.2,1508,22100,2025,5
1.4.1,914,22100,2025,5
1.4.2,2248,22100,2025,5
1.4.3,805,22100,2025,5
1.5.1,5847,22100,2025,5
1.5.2,582,22100,2025,5
1.5.3,943,22100,2025,5
1.5.4,1093,22100,2025,5
1.6.1,1501,22100,2025,5
1.6.2,112,22100,2025,5
1.7.1,489,22100,2025,5
1.7.2,3215,22100,2025,5
1.9.1,6174,22100,2025,5
1.9.2,6943,22100,2025,5
1.10.1,1132,22100,2025,5
1.10.2,1468,22100,2025,5
1.10.3,2972,22100,2025,5
1.12.1,18387,22100,2025,5
1.12.2,1148,22100,2025,5
2.2.1,115,22100,2025,5
2.2.2,15337,22100,2025,5
4.1.1,1287,22100,2025,5
4.1.2,1638,22100,2025,5
4.1.3,0,22100,2025,5
5.2.1,1567,22100,2025,5
5.2.2,2924,22100,2025,5
5.2.3,730,22100,2025,5
5.3.1,1104,22100,2025,5
5.3.2,2188,22100,2025,5
5.3.3,156,22100,2025,5
5.4.1,354,22100,2025,5
5.4.2,457,22100,2025,5
5.4.3,225,22100,2025,5
7.2.1,0,22100,2025,5
7.2.2,457,22100,2025,5
7.2.3,17029,22100,2025,5
9.4.1,3741,22100,2025,5
9.4.2,1741,22100,2025,5
9.4.3,2874,22100,2025,5
9.4.4,7650,22100,2025,5
10.1.1,3147,22100,2025,5
10.1.2,6180,22100,2025,5
10.1.3,2406,22100,2025,5
10.1.4,1385,22100,2025,5
10.1.5,46429,22100,2025,5
10.3.1,8005,22100,2025,5
10.3.2,155,22100,2025,5
10.3.3,458,22100,2025,5
10.3.4,517,22100,2025,5
10.3.5,492,22100,2025,5
10.3.6,3518,22100,2025,5
10.3.7,4875,22100,2025,5
1.1.1,4211,23100,2025,5
1.1.2,3081,23100,2025,5
1.1.3,1697,23100,2025,5
1.1.4,526,23100,2025,5
1.2.1,2844,23100,2025,5
1.2.2,837,23100,2025,5
1.2.3,504,23100,2025,5
1.2.4,897,23100,2025,5
1.3.1,7285,23100,2025,5
1.3.2,1852,23100,2025,5
1.4.1,1645,23100,2025,5
1.4.2,2499,23100,2025,5
1.4.3,1194,23100,2025,5
1.5.1,6100,23100,2025,5
1.5.2,912,23100,2025,5
1.5.3,1052,23100,2025,5
1.5.4,862,23100,2025,5
1.6.1,2645,23100,2025,5
1.6.2,240,23100,2025,5
1.7.1,473,23100,2025,5
1.7.2,3449,23100,2025,5
1.9.1,5541,23100,2025,5
1.9.2,5964,23100,2025,5
1.10.1,1129,23100,2025,5
1.10.2,1411,23100,2025,5
1.10.3,3041,23100,2025,5
1.12.1,24531,23100,2025,5
1.12.2,1989,23100,2025,5
2.2.1,204,23100,2025,5
2.2.2,8124,23100,2025,5
4.1.1,473,23100,2025,5
4.1.2,14004,23100,2025,5
4.1.3,2311,23100,2025,5
5.2.1,1128,23100,2025,5
5.2.2,1534,23100,2025,5
5.2.3,2036,23100,2025,5
5.3.1,2102,23100,2025,5
5.3.2,1642,23100,2025,5
5.3.3,357,23100,2025,5
5.4.1,306,23100,2025,5
5.4.2,606,23100,2025,5
5.4.3,270,23100,2025,5
7.2.1,0,23100,2025,5
7.2.2,0,23100,2025,5
7.2.3,18022,23100,2025,5
9.4.1,6553,23100,2025,5
9.4.2,0,23100,2025,5
9.4.3,3849,23100,2025,5
9.4.4,12917,23100,2025,5
10.1.1,6917,23100,2025,5
10.1.2,5423,23100,2025,5
10.1.3,8396,23100,2025,5
10.1.4,2238,23100,2025,5
10.1.5,14467,23100,2025,5
10.3.1,4364,23100,2025,5
10.3.2,62,23100,2025,5
10.3.3,662,23100,2025,5
10.3.4,678,23100,2025,5
10.3.5,192,23100,2025,5
10.3.6,1952,23100,2025,5
10.3.7,6526,23100,2025,5
1.1.1,2215,24201,2025,5
1.1.2,3005,24201,2025,5
1.1.3,1649,24201,2025,5
1.1.4,316,24201,2025,5
1.2.1,3335,24201,2025,5
1.2.2,1117,24201,2025,5
1.2.3,748,24201,2025,5
1.2.4,729,24201,2025,5
1.3.1,8064,24201,2025,5
1.3.2,2141,24201,2025,5
1.4.1,1367,24201,2025,5
1.4.2,2125,24201,2025,5
1.4.3,1345,24201,2025,5
1.5.1,5648,24201,2025,5
1.5.2,1040,24201,2025,5
1.5.3,900,24201,2025,5
1.5.4,1113,24201,2025,5
1.6.1,1820,24201,2025,5
1.6.2,437,24201,2025,5
1.7.1,431,24201,2025,5
1.7.2,3399,24201,2025,5
1.9.1,5207,24201,2025,5
1.9.2,6694,24201,2025,5
1.10.1,1780,24201,2025,5
1.10.2,1043,24201,2025,5
1.10.3,3434,24201,2025,5
1.12.1,13465,24201,2025,5
1.12.2,633,24201,2025,5
2.2.1,139,24201,2025,5
2.2.2,3038,24201,2025,5
4.1.1,2609,24201,2025,5
4.1.2,0,24201,2025,5
4.1.3,0,24201,2025,5
5.2.1,1099,24201,2025,5
5.2.2,2087,24201,2025,5
5.2.3,487,24201,2025,5
5.3.1,575,24201,2025,5
5.3.2,1262,24201,2025,5
5.3.3,0,24201,2025,5
5.4.1,360,24201,2025,5
5.4.2,964,24201,2025,5
5.4.3,40,24201,2025,5
7.2.1,0,24201,2025,5
7.2.2,0,24201,2025,5
7.2.3,16972,24201,2025,5
9.4.1,3713,24201,2025,5
9.4.2,1265,24201,2025,5
9.4.3,1837,24201,2025,5
9.4.4,8861,24201,2025,5
10.1.1,3988,24201,2025,5
10.1.2,4840,24201,2025,5
10.1.3,771,24201,2025,5
10.1.4,848,24201,2025,5
10.1.5,16840,24201,2025,5
10.3.1,7886,24201,2025,5
10.3.2,146,24201,2025,5
10.3.3,381,24201,2025,5
10.3.4,4549,24201,2025,5
10.3.5,1638,24201,2025,5
10.3.6,4052,24201,2025,5
10.3.7,2892,24201,2025,5
1.1.1,3214,25201,2025,5
1.1.2,3069,25201,2025,5
1.1.3,1725,25201,2025,5
1.1.4,827,25201,2025,5
1.2.1,2477,25201,2025,5
1.2.2,948,25201,2025,5
1.2.3,454,25201,2025,5
1.2.4,774,25201,2025,5
1.3.1,8773,25201,2025,5
1.3.2,1897,25201,2025,5
1.4.1,1554,25201,2025,5
1.4.2,2421,25201,2025,5
1.4.3,1291,25201,2025,5
1.5.1,5996,25201,2025,5
1.5.2,591,25201,2025,5
1.5.3,1083,25201,2025,5
1.5.4,901,25201,2025,5
1.6.1,1854,25201,2025,5
1.6.2,269,25201,2025,5
1.7.1,386,25201,2025,5
1.7.2,3758,25201,2025,5
1.9.1,5986,25201,2025,5
1.9.2,6621,25201,2025,5
1.10.1,884,25201,2025,5
1.10.2,1598,25201,2025,5
1.10.3,3730,25201,2025,5
1.12.1,18725,25201,2025,5
1.12.2,1095,25201,2025,5
2.2.1,506,25201,2025,5
2.2.2,22274,25201,2025,5
4.1.1,2997,25201,2025,5
4.1.2,4108,25201,2025,5
4.1.3,0,25201,2025,5
5.2.1,1267,25201,2025,5
5.2.2,2943,25201,2025,5
5.2.3,236,25201,2025,5
5.3.1,442,25201,2025,5
5.3.2,2055,25201,2025,5
5.3.3,364,25201,2025,5
5.4.1,309,25201,2025,5
5.4.2,1902,25201,2025,5
5.4.3,257,25201,2025,5
7.2.1,0,25201,2025,5
7.2.2,560,25201,2025,5
7.2.3,22978,25201,2025,5
9.4.1,4621,25201,2025,5
9.4.2,1620,25201,2025,5
9.4.3,2465,25201,2025,5
9.4.4,10088,25201,2025,5
10.1.1,3996,25201,2025,5
10.1.2,7401,25201,2025,5
10.1.3,1583,25201,2025,5
10.1.4,2100,25201,2025,5
10.1.5,17322,25201,2025,5
10.3.1,4757,25201,2025,5
10.3.2,16,25201,2025,5
10.3.3,235,25201,2025,5
10.3.4,1827,25201,2025,5
10.3.5,1770,25201,2025,5
10.3.6,6675,25201,2025,5
10.3.7,7081,25201,2025,5
1.1.1,5436,26100,2025,5
1.1.2,3848,26100,2025,5
1.1.3,2168,26100,2025,5
1.1.4,731,26100,2025,5
1.2.1,3471,26100,2025,5
1.2.2,1011,26100,2025,5
1.2.3,907,26100,2025,5
1.2.4,866,26100,2025,5
1.3.1,10168,26100,2025,5
1.3.2,2573,26100,2025,5
1.4.1,1335,26100,2025,5
1.4.2,2088,26100,2025,5
1.4.3,1389,26100,2025,5
1.5.1,6956,26100,2025,5
1.5.2,938,26100,2025,5
1.5.3,1091,26100,2025,5
1.5.4,1195,26100,2025,5
1.6.1,2390,26100,2025,5
1.6.2,196,26100,2025,5
1.7.1,635,26100,2025,5
1.7.2,4132,26100,2025,5
1.9.1,4794,26100,2025,5
1.9.2,7773,26100,2025,5
1.10.1,957,26100,2025,5
1.10.2,1906,26100,2025,5
1.10.3,3032,26100,2025,5
1.12.1,15327,26100,2025,5
1.12.2,888,26100,2025,5
2.2.1,149,26100,2025,5
2.2.2,2864,26100,2025,5
4.1.1,76,26100,2025,5
4.1.2,0,26100,2025,5
4.1.3,0,26100,2025,5
5.2.1,460,26100,2025,5
5.2.2,859,26100,2025,5
5.2.3,893,26100,2025,5
5.3.1,742,26100,2025,5
5.3.2,772,26100,2025,5
5.3.3,104,26100,2025,5
5.4.1,112,26100,2025,5
5.4.2,280,26100,2025,5
5.4.3,0,26100,2025,5
7.2.1,0,26100,2025,5
7.2.2,0,26100,2025,5
7.2.3,11434,26100,2025,5
9.4.1,0,26100,2025,5
9.4.2,0,26100,2025,5
9.4.3,799,26100,2025,5
9.4.4,6422,26100,2025,5
10.1.1,2964,26100,2025,5
10.1.2,4163,26100,2025,5
10.1.3,13983,26100,2025,5
10.1.4,1384,26100,2025,5
10.1.5,30568,26100,2025,5
10.3.1,3023,26100,2025,5
10.3.2,479,26100,2025,5
10.3.3,390,26100,2025,5
10.3.4,445,26100,2025,5
10.3.5,47,26100,2025,5
10.3.6,2022,26100,2025,5
10.3.7,670,26100,2025,5
1.1.1,4495,27100,2025,5
1.1.2,3410,27100,2025,5
1.1.3,2010,27100,2025,5
1.1.4,839,27100,2025,5
1.2.1,2796,27100,2025,5
1.2.2,1035,27100,2025,5
1.2.3,664,27100,2025,5
1.2.4,786,27100,2025,5
1.3.1,8715,27100,2025,5
1.3.2,1452,27100,2025,5
1.4.1,1243,27100,2025,5
1.4.2,2232,27100,2025,5
1.4.3,1242,27100,2025,5
1.5.1,6458,27100,2025,5
1.5.2,702,27100,2025,5
1.5.3,964,27100,2025,5
1.5.4,1002,27100,2025,5
1.6.1,2340,27100,2025,5
1.6.2,251,27100,2025,5
1.7.1,311,27100,2025,5
1.7.2,3393,27100,2025,5
1.9.1,6051,27100,2025,5
1.9.2,8129,27100,2025,5
1.10.1,911,27100,2025,5
1.10.2,1250,27100,2025,5
1.10.3,3514,27100,2025,5
1.12.1,17307,27100,2025,5
1.12.2,91,27100,2025,5
2.2.1,327,27100,2025,5
2.2.2,4766,27100,2025,5
4.1.1,219,27100,2025,5
4.1.2,156,27100,2025,5
4.1.3,388,27100,2025,5
5.2.1,1198,27100,2025,5
5.2.2,2588,27100,2025,5
5.2.3,835,27100,2025,5
5.3.1,1256,27100,2025,5
5.3.2,1307,27100,2025,5
5.3.3,659,27100,2025,5
5.4.1,265,27100,2025,5
5.4.2,1134,27100,2025,5
5.4.3,313,27100,2025,5
7.2.1,0,27100,2025,5
7.2.2,334,27100,2025,5
7.2.3,16351,27100,2025,5
9.4.1,652,27100,2025,5
9.4.2,361,27100,2025,5
9.4.3,1972,27100,2025,5
9.4.4,12015,27100,2025,5
10.1.1,3006,27100,2025,5
10.1.2,5549,27100,2025,5
10.1.3,2969,27100,2025,5
10.1.4,990,27100,2025,5
10.1.5,9249,27100,2025,5
10.3.1,3842,27100,2025,5
10.3.2,385,27100,2025,5
10.3.3,319,27100,2025,5
10.3.4,755,27100,2025,5
10.3.5,682,27100,2025,5
10.3.6,2323,27100,2025,5
10.3.7,4623,27100,2025,5
1.1.1,5422,28100,2025,5
1.1.2,3578,28100,2025,5
1.1.3,1848,28100,2025,5
1.1.4,727,28100,2025,5
1.2.1,3303,28100,2025,5
1.2.2,1226,28100,2025,5
1.2.3,629,28100,2025,5
1.2.4,498,28100,2025,5
1.3.1,8428,28100,2025,5
1.3.2,1626,28100,2025,5
1.4.1,1370,28100,2025,5
1.4.2,2117,28100,2025,5
1.4.3,1518,28100,2025,5
1.5.1,6159,28100,2025,5
1.5.2,659,28100,2025,5
1.5.3,834,28100,2025,5
1.5.4,938,28100,2025,5
1.6.1,2291,28100,2025,5
1.6.2,387,28100,2025,5
1.7.1,361,28100,2025,5
1.7.2,3552,28100,2025,5
1.9.1,4450,28100,2025,5
1.9.2,5430,28100,2025,5
1.10.1,996,28100,2025,5
1.10.2,1160,28100,2025,5
1.10.3,2815,28100,2025,5
1.12.1,16159,28100,2025,5
1.12.2,91,28100,2025,5
2.2.1,558,28100,2025,5
2.2.2,1533,28100,2025,5
4.1.1,1251,28100,2025,5
4.1.2,112,28100,2025,5
4.1.3,1181,28100,2025,5
5.2.1,2718,28100,2025,5
5.2.2,2487,28100,2025,5
5.2.3,295,28100,2025,5
5.3.1,1544,28100,2025,5
5.3.2,1470,28100,2025,5
5.3.3,65,28100,2025,5
5.4.1,232,28100,2025,5
5.4.2,881,28100,2025,5
5.4.3,101,28100,2025,5
7.2.1,0,28100,2025,5
7.2.2,0,28100,2025,5
7.2.3,17083,28100,2025,5
9.4.1,2906,28100,2025,5
9.4.2,2126,28100,2025,5
9.4.3,4732,28100,2025,5
9.4.4,8185,28100,2025,5
10.1.1,4282,28100,2025,5
10.1.2,5616,28100,2025,5
10.1.3,4959,28100,2025,5
10.1.4,449,28100,2025,5
10.1.5,6771,28100,2025,5
10.3.1,3304,28100,2025,5
10.3.2,68,28100,2025,5
10.3.3,679,28100,2025,5
10.3.4,299,28100,2025,5
10.3.5,25,28100,2025,5
10.3.6,1074,28100,2025,5
10.3.7,3954,28100,2025,5
1.1.1,3291,29201,2025,5
1.1.2,2951,29201,2025,5
1.1.3,2080,29201,2025,5
1.1.4,469,29201,2025,5
1.2.1,2614,29201,2025,5
1.2.2,1293,29201,2025,5
1.2.3,771,29201,2025,5
1.2.4,992,29201,2025,5
1.3.1,9193,29201,2025,5
1.3.2,1845,29201,2025,5
1.4.1,1235,29201,2025,5
1.4.2,2269,29201,2025,5
1.4.3,1536,29201,2025,5
1.5.1,7424,29201,2025,5
1.5.2,635,29201,2025,5
1.5.3,1044,29201,2025,5
1.5.4,960,29201,2025,5
1.6.1,2238,29201,2025,5
1.6.2,345,29201,2025,5
1.7.1,567,29201,2025,5
1.7.2,4191,29201,2025,5
1.9.1,4697,29201,2025,5
1.9.2,5562,29201,2025,5
1.10.1,897,29201,2025,5
1.10.2,1093,29201,2025,5
1.10.3,3673,29201,2025,5
1.12.1,15777,29201,2025,5
1.12.2,454,29201,2025,5
2.2.1,511,29201,2025,5
2.2.2,1580,29201,2025,5
4.1.1,969,29201,2025,5
4.1.2,75,29201,2025,5
4.1.3,185,29201,2025,5
5.2.1,1605,29201,2025,5
5.2.2,1165,29201,2025,5
5.2.3,102,29201,2025,5
5.3.1,1650,29201,2025,5
5.3.2,769,29201,2025,5
5.3.3,28,29201,2025,5
5.4.1,340,29201,2025,5
5.4.2,991,29201,2025,5
5.4.3,260,29201,2025,5
7.2.1,0,29201,2025,5
7.2.2,0,29201,2025,5
7.2.3,22915,29201,2025,5
9.4.1,2695,29201,2025,5
9.4.2,0,29201,2025,5
9.4.3,3744,29201,2025,5
9.4.4,9661,29201,2025,5
10.1.1,4298,29201,2025,5
10.1.2,5693,29201,2025,5
10.1.3,3132,29201,2025,5
10.1.4,531,29201,2025,5
10.1.5,8849,29201,2025,5
10.3.1,3115,29201,2025,5
10.3.2,142,29201,2025,5
10.3.3,20,29201,2025,5
10.3.4,518,29201,2025,5
10.3.5,92,29201,2025,5
10.3.6,3951,29201,2025,5
10.3.7,2312,29201,2025,5
1.1.1,3743,30201,2025,5
1.1.2,2770,30201,2025,5
1.1.3,1654,30201,2025,5
1.1.4,580,30201,2025,5
1.2.1,2701,30201,2025,5
1.2.2,777,30201,2025,5
1.2.3,499,30201,2025,5
1.2.4,499,30201,2025,5
1.3.1,10510,30201,2025,5
1.3.2,1577,30201,2025,5
1.4.1,1145,30201,2025,5
1.4.2,1318,30201,2025,5
1.4.3,1529,30201,2025,5
1.5.1,5641,30201,2025,5
1.5.2,486,30201,2025,5
1.5.3,879,30201,2025,5
1.5.4,930,30201,2025,5
1.6.1,1341,30201,2025,5
1.6.2,186,30201,2025,5
1.7.1,352,30201,2025,5
1.7.2,3400,30201,2025,5
1.9.1,4733,30201,2025,5
1.9.2,7279,30201,2025,5
1.10.1,813,30201,2025,5
1.10.2,1173,30201,2025,5
1.10.3,2311,30201,2025,5
1.12.1,15273,30201,2025,5
1.12.2,0,30201,2025,5
2.2.1,1353,30201,2025,5
2.2.2,830,30201,2025,5
4.1.1,603,30201,2025,5
4.1.2,3415,30201,2025,5
4.1.3,95,30201,2025,5
5.2.1,677,30201,2025,5
5.2.2,999,30201,2025,5
5.2.3,676,30201,2025,5
5.3.1,1301,30201,2025,5
5.3.2,1200,30201,2025,5
5.3.3,70,30201,2025,5
5.4.1,203,30201,2025,5
5.4.2,402,30201,2025,5
5.4.3,53,30201,2025,5
7.2.1,0,30201,2025,5
7.2.2,0,30201,2025,5
7.2.3,18832,30201,2025,5
9.4.1,1027,30201,2025,5
9.4.2,0,30201,2025,5
9.4.3,2986,30201,2025,5
9.4.4,8447,30201,2025,5
10.1.1,2216,30201,2025,5
10.1.2,4876,30201,2025,5
10.1.3,800,30201,2025,5
10.1.4,1962,30201,2025,5
10.1.5,7091,30201,2025,5
10.3.1,3107,30201,2025,5
10.3.2,17,30201,2025,5
10.3.3,0,30201,2025,5
10.3.4,1857,30201,2025,5
10.3.5,0,30201,2025,5
10.3.6,3246,30201,2025,5
10.3.7,2829,30201,2025,5
1.1.1,2499,31201,2025,5
1.1.2,2311,31201,2025,5
1.1.3,2043,31201,2025,5
1.1.4,531,31201,2025,5
1.2.1,2620,31201,2025,5
1.2.2,916,31201,2025,5
1.2.3,766,31201,2025,5
1.2.4,778,31201,2025,5
1.3.1,7241,31201,2025,5
1.3.2,1658,31201,2025,5
1.4.1,1073,31201,2025,5
1.4.2,1530,31201,2025,5
1.4.3,1142,31201,2025,5
1.5.1,5680,31201,2025,5
1.5.2,1648,31201,2025,5
1.5.3,981,31201,2025,5
1.5.4,966,31201,2025,5
1.6.1,1627,31201,2025,5
1.6.2,194,31201,2025,5
1.7.1,440,31201,2025,5
1.7.2,3695,31201,2025,5
1.9.1,4921,31201,2025,5
1.9.2,6214,31201,2025,5
1.10.1,704,31201,2025,5
1.10.2,1480,31201,2025,5
1.10.3,2867,31201,2025,5
1.12.1,12965,31201,2025,5
1.12.2,586,31201,2025,5
2.2.1,529,31201,2025,5
2.2.2,650,31201,2025,5
4.1.1,2795,31201,2025,5
4.1.2,909,31201,2025,5
4.1.3,0,31201,2025,5
5.2.1,921,31201,2025,5
5.2.2,1320,31201,2025,5
5.2.3,142,31201,2025,5
5.3.1,981,31201,2025,5
5.3.2,1436,31201,2025,5
5.3.3,185,31201,2025,5
5.4.1,127,31201,2025,5
5.4.2,388,31201,2025,5
5.4.3,253,31201,2025,5
7.2.1,0,31201,2025,5
7.2.2,0,31201,2025,5
7.2.3,18830,31201,2025,5
9.4.1,3443,31201,2025,5
9.4.2,2949,31201,2025,5
9.4.3,1510,31201,2025,5
9.4.4,9105,31201,2025,5
10.1.1,2756,31201,2025,5
10.1.2,6423,31201,2025,5
10.1.3,5103,31201,2025,5
10.1.4,500,31201,2025,5
10.1.5,15439,31201,2025,5
10.3.1,2643,31201,2025,5
10.3.2,217,31201,2025,5
10.3.3,1824,31201,2025,5
10.3.4,215,31201,2025,5
10.3.5,160,31201,2025,5
10.3.6,9395,31201,2025,5
10.3.7,3179,31201,2025,5
1.1.1,2250,32201,2025,5
1.1.2,2751,32201,2025,5
1.1.3,2096,32201,2025,5
1.1.4,546,32201,2025,5
1.2.1,3397,32201,2025,5
1.2.2,1000,32201,2025,5
1.2.3,728,32201,2025,5
1.2.4,1019,32201,2025,5
1.3.1,8956,32201,2025,5
1.3.2,2214,32201,2025,5
1.4.1,1348,32201,2025,5
1.4.2,1971,32201,2025,5
1.4.3,1373,32201,2025,5
1.5.1,6699,32201,2025,5
1.5.2,819,32201,2025,5
1.5.3,1143,32201,2025,5
1.5.4,959,32201,2025,5
1.6.1,2306,32201,2025,5
1.6.2,246,32201,2025,5
1.7.1,563,32201,2025,5
1.7.2,3639,32201,2025,5
1.9.1,6072,32201,2025,5
1.9.2,6839,32201,2025,5
1.10.1,706,32201,2025,5
1.10.2,1424,32201,2025,5
1.10.3,3417,32201,2025,5
1.12.1,17782,32201,2025,5
1.12.2,1929,32201,2025,5
2.2.1,510,32201,2025,5
2.2.2,713,32201,2025,5
4.1.1,99,32201,2025,5
4.1.2,558,32201,2025,5
4.1.3,0,32201,2025,5
5.2.1,2905,32201,2025,5
5.2.2,3131,32201,2025,5
5.2.3,576,32201,2025,5
5.3.1,1409,32201,2025,5
5.3.2,2428,32201,2025,5
5.3.3,258,32201,2025,5
5.4.1,245,32201,2025,5
5.4.2,398,32201,2025,5
5.4.3,116,32201,2025,5
7.2.1,65711,32201,2025,5
7.2.2,0,32201,2025,5
7.2.3,26461,32201,2025,5
9.4.1,1136,32201,2025,5
9.4.2,249,32201,2025,5
9.4.3,3326,32201,2025,5
9.4.4,8519,32201,2025,5
10.1.1,2320,32201,2025,5
10.1.2,5467,32201,2025,5
10.1.3,2105,32201,2025,5
10.1.4,1391,32201,2025,5
10.1.5,18680,32201,2025,5
10.3.1,3648,32201,2025,5
10.3.2,77,32201,2025,5
10.3.3,538,32201,2025,5
10.3.4,408,32201,2025,5
10.3.5,479,32201,2025,5
10.3.6,2720,32201,2025,5
10.3.7,6208,32201,2025,5
1.1.1,3335,33100,2025,5
1.1.2,3544,33100,2025,5
1.1.3,1908,33100,2025,5
1.1.4,428,33100,2025,5
1.2.1,2944,33100,2025,5
1.2.2,916,33100,2025,5
1.2.3,585,33100,2025,5
1.2.4,707,33100,2025,5
1.3.1,8406,33100,2025,5
1.3.2,1313,33100,2025,5
1.4.1,1676,33100,2025,5
1.4.2,2195,33100,2025,5
1.4.3,1090,33100,2025,5
1.5.1,5584,33100,2025,5
1.5.2,853,33100,2025,5
1.5.3,1022,33100,2025,5
1.5.4,836,33100,2025,5
1.6.1,1714,33100,2025,5
1.6.2,332,33100,2025,5
1.7.1,353,33100,2025,5
1.7.2,3513,33100,2025,5
1.9.1,5371,33100,2025,5
1.9.2,6130,33100,2025,5
1.10.1,1181,33100,2025,5
1.10.2,1080,33100,2025,5
1.10.3,3121,33100,2025,5
1.12.1,16400,33100,2025,5
1.12.2,827,33100,2025,5
2.2.1,329,33100,2025,5
2.2.2,81,33100,2025,5
4.1.1,2450,33100,2025,5
4.1.2,231,33100,2025,5
4.1.3,5741,33100,2025,5
5.2.1,2138,33100,2025,5
5.2.2,2201,33100,2025,5
5.2.3,1481,33100,2025,5
5.3.1,1134,33100,2025,5
5.3.2,3492,33100,2025,5
5.3.3,815,33100,2025,5
5.4.1,270,33100,2025,5
5.4.2,897,33100,2025,5
5.4.3,230,33100,2025,5
7.2.1,0,33100,2025,5
7.2.2,0,33100,2025,5
7.2.3,16091,33100,2025,5
9.4.1,2342,33100,2025,5
9.4.2,5900,33100,2025,5
9.4.3,2389,33100,2025,5
9.4.4,10018,33100,2025,5
10.1.1,5164,33100,2025,5
10.1.2,6972,33100,2025,5
10.1.3,1642,33100,2025,5
10.1.4,1744,33100,2025,5
10.1.5,17411,33100,2025,5
10.3.1,3081,33100,2025,5
10.3.2,82,33100,2025,5
10.3.3,243,33100,2025,5
10.3.4,18092,33100,2025,5
10.3.5,257,33100,2025,5
10.3.6,3651,33100,2025,5
10.3.7,4168,33100,2025,5
1.1.1,2862,34100,2025,5
1.1.2,3145,34100,2025,5
1.1.3,1869,34100,2025,5
1.1.4,643,34100,2025,5
1.2.1,2852,34100,2025,5
1.2.2,789,34100,2025,5
1.2.3,443,34100,2025,5
1.2.4,809,34100,2025,5
1.3.1,8905,34100,2025,5
1.3.2,1739,34100,2025,5
1.4.1,1424,34100,2025,5
1.4.2,1819,34100,2025,5
1.4.3,1470,34100,2025,5
1.5.1,6072,34100,2025,5
1.5.2,952,34100,2025,5
1.5.3,942,34100,2025,5
1.5.4,884,34100,2025,5
1.6.1,2158,34100,2025,5
1.6.2,313,34100,2025,5
1.7.1,582,34100,2025,5
1.7.2,3835,34100,2025,5
1.9.1,6677,34100,2025,5
1.9.2,5922,34100,2025,5
1.10.1,1176,34100,2025,5
1.10.2,1969,34100,2025,5
1.10.3,4376,34100,2025,5
1.12.1,17394,34100,2025,5
1.12.2,623,34100,2025,5
2.2.1,220,34100,2025,5
2.2.2,130,34100,2025,5
4.1.1,492,34100,2025,5
4.1.2,260,34100,2025,5
4.1.3,1435,34100,2025,5
5.2.1,1527,34100,2025,5
5.2.2,1217,34100,2025,5
5.2.3,946,34100,2025,5
5.3.1,1416,34100,2025,5
5.3.2,1020,34100,2025,5
5.3.3,240,34100,2025,5
5.4.1,238,34100,2025,5
5.4.2,222,34100,2025,5
5.4.3,51,34100,2025,5
7.2.1,91198,34100,2025,5
7.2.2,709,34100,2025,5
7.2.3,27431,34100,2025,5
9.4.1,511,34100,2025,5
9.4.2,4415,34100,2025,5
9.4.3,2579,34100,2025,5
9.4.4,11757,34100,2025,5
10.1.1,4318,34100,2025,5
10.1.2,7981,34100,2025,5
10.1.3,7397,34100,2025,5
10.1.4,2484,34100,2025,5
10.1.5,14367,34100,2025,5
10.3.1,5901,34100,2025,5
10.3.2,704,34100,2025,5
10.3.3,383,34100,2025,5
10.3.4,1727,34100,2025,5
10.3.5,413,34100,2025,5
10.3.6,2085,34100,2025,5
10.3.7,7156,34100,2025,5
1.1.1,2802,35203,2025,5
1.1.2,3903,35203,2025,5
1.1.3,1830,35203,2025,5
1.1.4,552,35203,2025,5
1.2.1,2334,35203,2025,5
1.2.2,937,35203,2025,5
1.2.3,751,35203,2025,5
1.2.4,998,35203,2025,5
1.3.1,7835,35203,2025,5
1.3.2,1774,35203,2025,5
1.4.1,1362,35203,2025,5
1.4.2,2149,35203,2025,5
1.4.3,1501,35203,2025,5
1.5.1,5406,35203,2025,5
1.5.2,551,35203,2025,5
1.5.3,1231,35203,2025,5
1.5.4,967,35203,2025,5
1.6.1,2357,35203,2025,5
1.6.2,687,35203,2025,5
1.7.1,630,35203,2025,5
1.7.2,3987,35203,2025,5
1.9.1,6395,35203,2025,5
1.9.2,6850,35203,2025,5
1.10.1,1280,35203,2025,5
1.10.2,1606,35203,2025,5
1.10.3,3887,35203,2025,5
1.12.1,10971,35203,2025,5
1.12.2,778,35203,2025,5
2.2.1,593,35203,2025,5
2.2.2,175,35203,2025,5
4.1.1,3432,35203,2025,5
4.1.2,1626,35203,2025,5
4.1.3,0,35203,2025,5
5.2.1,1756,35203,2025,5
5.2.2,2403,35203,2025,5
5.2.3,242,35203,2025,5
5.3.1,1400,35203,2025,5
5.3.2,2013,35203,2025,5
5.3.3,137,35203,2025,5
5.4.1,168,35203,2025,5
5.4.2,1120,35203,2025,5
5.4.3,102,35203,2025,5
7.2.1,0,35203,2025,5
7.2.2,0,35203,2025,5
7.2.3,29653,35203,2025,5
9.4.1,3772,35203,2025,5
9.4.2,2970,35203,2025,5
9.4.3,1867,35203,2025,5
9.4.4,10319,35203,2025,5
10.1.1,4460,35203,2025,5
10.1.2,8397,35203,2025,5
10.1.3,1065,35203,2025,5
10.1.4,2278,35203,2025,5
10.1.5,13952,35203,2025,5
10.3.1,4681,35203,2025,5
10.3.2,475,35203,2025,5
10.3.3,503,35203,2025,5
10.3.4,493,35203,2025,5
10.3.5,1789,35203,2025,5
10.3.6,997,35203,2025,5
10.3.7,3088,35203,2025,5
1.1.1,2726,36201,2025,5
1.1.2,2636,36201,2025,5
1.1.3,1356,36201,2025,5
1.1.4,425,36201,2025,5
1.2.1,2070,36201,2025,5
1.2.2,920,36201,2025,5
1.2.3,662,36201,2025,5
1.2.4,853,36201,2025,5
1.3.1,7353,36201,2025,5
1.3.2,1428,36201,2025,5
1.4.1,1406,36201,2025,5
1.4.2,2697,36201,2025,5
1.4.3,1198,36201,2025,5
1.5.1,5638,36201,2025,5
1.5.2,711,36201,2025,5
1.5.3,1078,36201,2025,5
1.5.4,730,36201,2025,5
1.6.1,1543,36201,2025,5
1.6.2,163,36201,2025,5
1.7.1,511,36201,2025,5
1.7.2,3812,36201,2025,5
1.9.1,4414,36201,2025,5
1.9.2,5327,36201,2025,5
1.10.1,1281,36201,2025,5
1.10.2,1024,36201,2025,5
1.10.3,3223,36201,2025,5
1.12.1,14824,36201,2025,5
1.12.2,2423,36201,2025,5
2.2.1,172,36201,2025,5
2.2.2,435,36201,2025,5
4.1.1,34,36201,2025,5
4.1.2,213,36201,2025,5
4.1.3,145,36201,2025,5
5.2.1,1220,36201,2025,5
5.2.2,2391,36201,2025,5
5.2.3,957,36201,2025,5
5.3.1,2247,36201,2025,5
5.3.2,1580,36201,2025,5
5.3.3,143,36201,2025,5
5.4.1,169,36201,2025,5
5.4.2,627,36201,2025,5
5.4.3,150,36201,2025,5
7.2.1,0,36201,2025,5
7.2.2,0,36201,2025,5
7.2.3,19467,36201,2025,5
9.4.1,917,36201,2025,5
9.4.2,3634,36201,2025,5
9.4.3,3772,36201,2025,5
9.4.4,8972,36201,2025,5
10.1.1,3670,36201,2025,5
10.1.2,5295,36201,2025,5
10.1.3,2080,36201,2025,5
10.1.4,1301,36201,2025,5
10.1.5,19269,36201,2025,5
10.3.1,4950,36201,2025,5
10.3.2,343,36201,2025,5
10.3.3,598,36201,2025,5
10.3.4,644,36201,2025,5
10.3.5,120,36201,2025,5
10.3.6,1283,36201,2025,5
10.3.7,3502,36201,2025,5
1.1.1,2058,37201,2025,5
1.1.2,3256,37201,2025,5
1.1.3,1905,37201,2025,5
1.1.4,497,37201,2025,5
1.2.1,2492,37201,2025,5
1.2.2,566,37201,2025,5
1.2.3,480,37201,2025,5
1.2.4,555,37201,2025,5
1.3.1,8084,37201,2025,5
1.3.2,1316,37201,2025,5
1.4.1,1149,37201,2025,5
1.4.2,2701,37201,2025,5
1.4.3,1221,37201,2025,5
1.5.1,5476,37201,2025,5
1.5.2,648,37201,2025,5
1.5.3,1131,37201,2025,5
1.5.4,895,37201,2025,5
1.6.1,2117,37201,2025,5
1.6.2,228,37201,2025,5
1.7.1,456,37201,2025,5
1.7.2,3642,37201,2025,5
1.9.1,5120,37201,2025,5
1.9.2,6139,37201,2025,5
1.10.1,1174,37201,2025,5
1.10.2,1655,37201,2025,5
1.10.3,3433,37201,2025,5
1.12.1,14491,37201,2025,5
1.12.2,1055,37201,2025,5
2.2.1,4161,37201,2025,5
2.2.2,2083,37201,2025,5
4.1.1,1501,37201,2025,5
4.1.2,263,37201,2025,5
4.1.3,0,37201,2025,5
5.2.1,2496,37201,2025,5
5.2.2,1325,37201,2025,5
5.2.3,327,37201,2025,5
5.3.1,1634,37201,2025,5
5.3.2,1438,37201,2025,5
5.3.3,514,37201,2025,5
5.4.1,148,37201,2025,5
5.4.2,301,37201,2025,5
5.4.3,176,37201,2025,5
7.2.1,82160,37201,2025,5
7.2.2,874,37201,2025,5
7.2.3,28117,37201,2025,5
9.4.1,430,37201,2025,5
9.4.2,42,37201,2025,5
9.4.3,2715,37201,2025,5
9.4.4,10104,37201,2025,5
10.1.1,3828,37201,2025,5
10.1.2,6298,37201,2025,5
10.1.3,2564,37201,2025,5
10.1.4,1449,37201,2025,5
10.1.5,18409,37201,2025,5
10.3.1,2652,37201,2025,5
10.3.2,190,37201,2025,5
10.3.3,472,37201,2025,5
10.3.4,452,37201,2025,5
10.3.5,1641,37201,2025,5
10.3.6,4145,37201,2025,5
10.3.7,3448,37201,2025,5
1.1.1,1873,38201,2025,5
1.1.2,3436,38201,2025,5
1.1.3,2140,38201,2025,5
1.1.4,476,38201,2025,5
1.2.1,2335,38201,2025,5
1.2.2,561,38201,2025,5
1.2.3,665,38201,2025,5
1.2.4,443,38201,2025,5
1.3.1,6929,38201,2025,5
1.3.2,1641,38201,2025,5
1.4.1,1342,38201,2025,5
1.4.2,1717,38201,2025,5
1.4.3,1108,38201,2025,5
1.5.1,4854,38201,2025,5
1.5.2,571,38201,2025,5
1.5.3,929,38201,2025,5
1.5.4,776,38201,2025,5
1.6.1,1727,38201,2025,5
1.6.2,259,38201,2025,5
1.7.1,381,38201,2025,5
1.7.2,3092,38201,2025,5
1.9.1,5552,38201,2025,5
1.9.2,7234,38201,2025,5
1.10.1,629,38201,2025,5
1.10.2,1382,38201,2025,5
1.10.3,3436,38201,2025,5
1.12.1,17433,38201,2025,5
1.12.2,1756,38201,2025,5
2.2.1,91,38201,2025,5
2.2.2,1437,38201,2025,5
4.1.1,156,38201,2025,5
4.1.2,4947,38201,2025,5
4.1.3,75,38201,2025,5
5.2.1,1930,38201,2025,5
5.2.2,2182,38201,2025,5
5.2.3,406,38201,2025,5
5.3.1,1828,38201,2025,5
5.3.2,1185,38201,2025,5
5.3.3,822,38201,2025,5
5.4.1,185,38201,2025,5
5.4.2,634,38201,2025,5
5.4.3,203,38201,2025,5
7.2.1,71353,38201,2025,5
7.2.2,0,38201,2025,5
7.2.3,35563,38201,2025,5
9.4.1,186,38201,2025,5
9.4.2,0,38201,2025,5
9.4.3,11493,38201,2025,5
9.4.4,6425,38201,2025,5
10.1.1,3280,38201,2025,5
10.1.2,6565,38201,2025,5
10.1.3,1536,38201,2025,5
10.1.4,2151,38201,2025,5
10.1.5,10144,38201,2025,5
10.3.1,5573,38201,2025,5
10.3.2,488,38201,2025,5
10.3.3,254,38201,2025,5
10.3.4,967,38201,2025,5
10.3.5,645,38201,2025,5
10.3.6,16350,38201,2025,5
10.3.7,4363,38201,2025,5
1.1.1,1980,39201,2025,5
1.1.2,2327,39201,2025,5
1.1.3,1355,39201,2025,5
1.1.4,415,39201,2025,5
1.2.1,2338,39201,2025,5
1.2.2,575,39201,2025,5
1.2.3,500,39201,2025,5
1.2.4,449,39201,2025,5
1.3.1,6012,39201,2025,5
1.3.2,1162,39201,2025,5
1.4.1,709,39201,2025,5
1.4.2,1846,39201,2025,5
1.4.3,1174,39201,2025,5
1.5.1,4446,39201,2025,5
1.5.2,458,39201,2025,5
1.5.3,737,39201,2025,5
1.5.4,785,39201,2025,5
1.6.1,1482,39201,2025,5
1.6.2,125,39201,2025,5
1.7.1,278,39201,2025,5
1.7.2,2828,39201,2025,5
1.9.1,5359,39201,2025,5
1.9.2,5037,39201,2025,5
1.10.1,933,39201,2025,5
1.10.2,956,39201,2025,5
1.10.3,2938,39201,2025,5
1.12.1,14939,39201,2025,5
1.12.2,2129,39201,2025,5
2.2.1,315,39201,2025,5
2.2.2,993,39201,2025,5
4.1.1,3420,39201,2025,5
4.1.2,95,39201,2025,5
4.1.3,0,39201,2025,5
5.2.1,2014,39201,2025,5
5.2.2,1090,39201,2025,5
5.2.3,519,39201,2025,5
5.3.1,231,39201,2025,5
5.3.2,1544,39201,2025,5
5.3.3,353,39201,2025,5
5.4.1,87,39201,2025,5
5.4.2,554,39201,2025,5
5.4.3,198,39201,2025,5
7.2.1,0,39201,2025,5
7.2.2,0,39201,2025,5
7.2.3,24082,39201,2025,5
9.4.1,940,39201,2025,5
9.4.2,812,39201,2025,5
9.4.3,2447,39201,2025,5
9.4.4,8433,39201,2025,5
10.1.1,2080,39201,2025,5
10.1.2,6099,39201,2025,5
10.1.3,2626,39201,2025,5
10.1.4,648,39201,2025,5
10.1.5,14844,39201,2025,5
10.3.1,4901,39201,2025,5
10.3.2,755,39201,2025,5
10.3.3,702,39201,2025,5
10.3.4,1896,39201,2025,5
10.3.5,598,39201,2025,5
10.3.6,7343,39201,2025,5
10.3.7,6358,39201,2025,5
1.1.1,4529,40130,2025,5
1.1.2,2754,40130,2025,5
1.1.3,1961,40130,2025,5
1.1.4,609,40130,2025,5
1.2.1,1897,40130,2025,5
1.2.2,792,40130,2025,5
1.2.3,539,40130,2025,5
1.2.4,541,40130,2025,5
1.3.1,7693,40130,2025,5
1.3.2,1778,40130,2025,5
1.4.1,1114,40130,2025,5
1.4.2,1901,40130,2025,5
1.4.3,1245,40130,2025,5
1.5.1,5286,40130,2025,5
1.5.2,752,40130,2025,5
1.5.3,923,40130,2025,5
1.5.4,666,40130,2025,5
1.6.1,1906,40130,2025,5
1.6.2,213,40130,2025,5
1.7.1,369,40130,2025,5
1.7.2,3764,40130,2025,5
1.9.1,5004,40130,2025,5
1.9.2,7481,40130,2025,5
1.10.1,886,40130,2025,5
1.10.2,1409,40130,2025,5
1.10.3,2905,40130,2025,5
1.12.1,20380,40130,2025,5
1.12.2,452,40130,2025,5
2.2.1,60,40130,2025,5
2.2.2,631,40130,2025,5
4.1.1,1459,40130,2025,5
4.1.2,14,40130,2025,5
4.1.3,721,40130,2025,5
5.2.1,1448,40130,2025,5
5.2.2,2935,40130,2025,5
5.2.3,786,40130,2025,5
5.3.1,965,40130,2025,5
5.3.2,1246,40130,2025,5
5.3.3,140,40130,2025,5
5.4.1,285,40130,2025,5
5.4.2,972,40130,2025,5
5.4.3,79,40130,2025,5
7.2.1,0,40130,2025,5
7.2.2,0,40130,2025,5
7.2.3,12586,40130,2025,5
9.4.1,3629,40130,2025,5
9.4.2,8274,40130,2025,5
9.4.3,4752,40130,2025,5
9.4.4,10714,40130,2025,5
10.1.1,5307,40130,2025,5
10.1.2,5649,40130,2025,5
10.1.3,2029,40130,2025,5
10.1.4,1053,40130,2025,5
10.1.5,13830,40130,2025,5
10.3.1,3945,40130,2025,5
10.3.2,127,40130,2025,5
10.3.3,55,40130,2025,5
10.3.4,1971,40130,2025,5
10.3.5,925,40130,2025,5
10.3.6,4712,40130,2025,5
10.3.7,4157,40130,2025,5
1.1.1,3265,41201,2025,5
1.1.2,3223,41201,2025,5
1.1.3,1718,41201,2025,5
1.1.4,423,41201,2025,5
1.2.1,2807,41201,2025,5
1.2.2,685,41201,2025,5
1.2.3,745,41201,2025,5
1.2.4,455,41201,2025,5
1.3.1,7408,41201,2025,5
1.3.2,1464,41201,2025,5
1.4.1,876,41201,2025,5
1.4.2,1835,41201,2025,5
1.4.3,980,41201,2025,5
1.5.1,5834,41201,2025,5
1.5.2,988,41201,2025,5
1.5.3,1182,41201,2025,5
1.5.4,1032,41201,2025,5
1.6.1,1887,41201,2025,5
1.6.2,504,41201,2025,5
1.7.1,423,41201,2025,5
1.7.2,3484,41201,2025,5
1.9.1,6828,41201,2025,5
1.9.2,7643,41201,2025,5
1.10.1,1417,41201,2025,5
1.10.2,1161,41201,2025,5
1.10.3,3447,41201,2025,5
1.12.1,16630,41201,2025,5
1.12.2,1818,41201,2025,5
2.2.1,102,41201,2025,5
2.2.2,750,41201,2025,5
4.1.1,625,41201,2025,5
4.1.2,3607,41201,2025,5
4.1.3,0,41201,2025,5
5.2.1,188,41201,2025,5
5.2.2,1655,41201,2025,5
5.2.3,197,41201,2025,5
5.3.1,920,41201,2025,5
5.3.2,1433,41201,2025,5
5.3.3,264,41201,2025,5
5.4.1,69,41201,2025,5
5.4.2,403,41201,2025,5
5.4.3,87,41201,2025,5
7.2.1,0,41201,2025,5
7.2.2,0,41201,2025,5
7.2.3,32109,41201,2025,5
9.4.1,1734,41201,2025,5
9.4.2,2897,41201,2025,5
9.4.3,3580,41201,2025,5
9.4.4,10115,41201,2025,5
10.1.1,4587,41201,2025,5
10.1.2,4976,41201,2025,5
10.1.3,1203,41201,2025,5
10.1.4,2563,41201,2025,5
10.1.5,19573,41201,2025,5
10.3.1,5024,41201,2025,5
10.3.2,339,41201,2025,5
10.3.3,1471,41201,2025,5
10.3.4,3295,41201,2025,5
10.3.5,104,41201,2025,5
10.3.6,3756,41201,2025,5
10.3.7,4851,41201,2025,5
1.1.1,5091,42201,2025,5
1.1.2,3586,42201,2025,5
1.1.3,2082,42201,2025,5
1.1.4,570,42201,2025,5
1.2.1,3471,42201,2025,5
1.2.2,1196,42201,2025,5
1.2.3,887,42201,2025,5
1.2.4,818,42201,2025,5
1.3.1,9336,42201,2025,5
1.3.2,2117,42201,2025,5
1.4.1,1321,42201,2025,5
1.4.2,1879,42201,2025,5
1.4.3,1305,42201,2025,5
1.5.1,6192,42201,2025,5
1.5.2,748,42201,2025,5
1.5.3,1096,42201,2025,5
1.5.4,1082,42201,2025,5
1.6.1,2045,42201,2025,5
1.6.2,262,42201,2025,5
1.7.1,442,42201,2025,5
1.7.2,4387,42201,2025,5
1.9.1,6469,42201,2025,5
1.9.2,7516,42201,2025,5
1.10.1,944,42201,2025,5
1.10.2,977,42201,2025,5
1.10.3,4091,42201,2025,5
1.12.1,12366,42201,2025,5
1.12.2,938,42201,2025,5
2.2.1,641,42201,2025,5
2.2.2,0,42201,2025,5
4.1.1,2341,42201,2025,5
4.1.2,1216,42201,2025,5
4.1.3,0,42201,2025,5
5.2.1,368,42201,2025,5
5.2.2,2117,42201,2025,5
5.2.3,280,42201,2025,5
5.3.1,1625,42201,2025,5
5.3.2,2047,42201,2025,5
5.3.3,523,42201,2025,5
5.4.1,576,42201,2025,5
5.4.2,727,42201,2025,5
5.4.3,93,42201,2025,5
7.2.1,0,42201,2025,5
7.2.2,0,42201,2025,5
7.2.3,20660,42201,2025,5
9.4.1,1842,42201,2025,5
9.4.2,48,42201,2025,5
9.4.3,1157,42201,2025,5
9.4.4,6278,42201,2025,5
10.1.1,1676,42201,2025,5
10.1.2,4698,42201,2025,5
10.1.3,734,42201,2025,5
10.1.4,1438,42201,2025,5
10.1.5,13333,42201,2025,5
10.3.1,4566,42201,2025,5
10.3.2,8,42201,2025,5
10.3.3,950,42201,2025,5
10.3.4,348,42201,2025,5
10.3.5,262,42201,2025,5
10.3.6,4472,42201,2025,5
10.3.7,4366,42201,2025,5
1.1.1,2864,43100,2025,5
1.1.2,2768,43100,2025,5
1.1.3,1740,43100,2025,5
1.1.4,498,43100,2025,5
1.2.1,3047,43100,2025,5
1.2.2,1186,43100,2025,5
1.2.3,439,43100,2025,5
1.2.4,633,43100,2025,5
1.3.1,8459,43100,2025,5
1.3.2,1566,43100,2025,5
1.4.1,1503,43100,2025,5
1.4.2,2033,43100,2025,5
1.4.3,1424,43100,2025,5
1.5.1,5595,43100,2025,5
1.5.2,708,43100,2025,5
1.5.3,1358,43100,2025,5
1.5.4,850,43100,2025,5
1.6.1,1619,43100,2025,5
1.6.2,421,43100,2025,5
1.7.1,429,43100,2025,5
1.7.2,4059,43100,2025,5
1.9.1,4812,43100,2025,5
1.9.2,6263,43100,2025,5
1.10.1,980,43100,2025,5
1.10.2,1167,43100,2025,5
1.10.3,3457,43100,2025,5
1.12.1,21401,43100,2025,5
1.12.2,1285,43100,2025,5
2.2.1,241,43100,2025,5
2.2.2,3664,43100,2025,5
4.1.1,284,43100,2025,5
4.1.2,2710,43100,2025,5
4.1.3,90,43100,2025,5
5.2.1,1547,43100,2025,5
5.2.2,1751,43100,2025,5
5.2.3,895,43100,2025,5
5.3.1,1866,43100,2025,5
5.3.2,1624,43100,2025,5
5.3.3,759,43100,2025,5
5.4.1,597,43100,2025,5
5.4.2,773,43100,2025,5
5.4.3,126,43100,2025,5
7.2.1,0,43100,2025,5
7.2.2,0,43100,2025,5
7.2.3,17585,43100,2025,5
9.4.1,2464,43100,2025,5
9.4.2,325,43100,2025,5
9.4.3,5646,43100,2025,5
9.4.4,10121,43100,2025,5
10.1.1,2148,43100,2025,5
10.1.2,5755,43100,2025,5
10.1.3,1025,43100,2025,5
10.1.4,3298,43100,2025,5
10.1.5,15361,43100,2025,5
10.3.1,3739,43100,2025,5
10.3.2,15,43100,2025,5
10.3.3,415,43100,2025,5
10.3.4,648,43100,2025,5
10.3.5,470,43100,2025,5
10.3.6,3532,43100,2025,5
10.3.7,7278,43100,2025,5
1.1.1,1773,44201,2025,5
1.1.2,2275,44201,2025,5
1.1.3,1834,44201,2025,5
1.1.4,353,44201,2025,5
1.2.1,2144,44201,2025,5
1.2.2,631,44201,2025,5
1.2.3,376,44201,2025,5
1.2.4,693,44201,2025,5
1.3.1,8026,44201,2025,5
1.3.2,1508,44201,2025,5
1.4.1,729,44201,2025,5
1.4.2,1466,44201,2025,5
1.4.3,1090,44201,2025,5
1.5.1,4821,44201,2025,5
1.5.2,457,44201,2025,5
1.5.3,1034,44201,2025,5
1.5.4,644,44201,2025,5
1.6.1,1299,44201,2025,5
1.6.2,569,44201,2025,5
1.7.1,400,44201,2025,5
1.7.2,3351,44201,2025,5
1.9.1,3987,44201,2025,5
1.9.2,6154,44201,2025,5
1.10.1,836,44201,2025,5
1.10.2,904,44201,2025,5
1.10.3,3066,44201,2025,5
1.12.1,16174,44201,2025,5
1.12.2,438,44201,2025,5
2.2.1,65,44201,2025,5
2.2.2,1357,44201,2025,5
4.1.1,1526,44201,2025,5
4.1.2,1981,44201,2025,5
4.1.3,390,44201,2025,5
5.2.1,933,44201,2025,5
5.2.2,5469,44201,2025,5
5.2.3,229,44201,2025,5
5.3.1,1532,44201,2025,5
5.3.2,1669,44201,2025,5
5.3.3,175,44201,2025,5
5.4.1,308,44201,2025,5
5.4.2,585,44201,2025,5
5.4.3,190,44201,2025,5
7.2.1,0,44201,2025,5
7.2.2,0,44201,2025,5
7.2.3,20478,44201,2025,5
9.4.1,1906,44201,2025,5
9.4.2,2544,44201,2025,5
9.4.3,5767,44201,2025,5
9.4.4,9271,44201,2025,5
10.1.1,4520,44201,2025,5
10.1.2,5902,44201,2025,5
10.1.3,1264,44201,2025,5
10.1.4,1099,44201,2025,5
10.1.5,20898,44201,2025,5
10.3.1,4575,44201,2025,5
10.3.2,389,44201,2025,5
10.3.3,620,44201,2025,5
10.3.4,2102,44201,2025,5
10.3.5,1269,44201,2025,5
10.3.6,3721,44201,2025,5
10.3.7,7564,44201,2025,5
1.1.1,4074,45201,2025,5
1.1.2,2993,45201,2025,5
1.1.3,1572,45201,2025,5
1.1.4,736,45201,2025,5
1.2.1,2822,45201,2025,5
1.2.2,525,45201,2025,5
1.2.3,635,45201,2025,5
1.2.4,602,45201,2025,5
1.3.1,7101,45201,2025,5
1.3.2,1537,45201,2025,5
1.4.1,1163,45201,2025,5
1.4.2,1911,45201,2025,5
1.4.3,800,45201,2025,5
1.5.1,5153,45201,2025,5
1.5.2,662,45201,2025,5
1.5.3,961,45201,2025,5
1.5.4,1367,45201,2025,5
1.6.1,2423,45201,2025,5
1.6.2,425,45201,2025,5
1.7.1,342,45201,2025,5
1.7.2,4230,45201,2025,5
1.9.1,7154,45201,2025,5
1.9.2,9257,45201,2025,5
1.10.1,1189,45201,2025,5
1.10.2,1363,45201,2025,5
1.10.3,4124,45201,2025,5
1.12.1,15198,45201,2025,5
1.12.2,1701,45201,2025,5
2.2.1,4450,45201,2025,5
2.2.2,971,45201,2025,5
4.1.1,2949,45201,2025,5
4.1.2,582,45201,2025,5
4.1.3,0,45201,2025,5
5.2.1,820,45201,2025,5
5.2.2,2634,45201,2025,5
5.2.3,611,45201,2025,5
5.3.1,387,45201,2025,5
5.3.2,1568,45201,2025,5
5.3.3,415,45201,2025,5
5.4.1,342,45201,2025,5
5.4.2,926,45201,2025,5
5.4.3,305,45201,2025,5
7.2.1,0,45201,2025,5
7.2.2,0,45201,2025,5
7.2.3,12314,45201,2025,5
9.4.1,736,45201,2025,5
9.4.2,4540,45201,2025,5
9.4.3,2630,45201,2025,5
9.4.4,12578,45201,2025,5
10.1.1,2777,45201,2025,5
10.1.2,4038,45201,2025,5
10.1.3,2232,45201,2025,5
10.1.4,1282,45201,2025,5
10.1.5,21157,45201,2025,5
10.3.1,6468,45201,2025,5
10.3.2,25,45201,2025,5
10.3.3,304,45201,2025,5
10.3.4,352,45201,2025,5
10.3.5,175,45201,2025,5
10.3.6,2275,45201,2025,5
10.3.7,5076,45201,2025,5
1.1.1,2018,46201,2025,5
1.1.2,3179,46201,2025,5
1.1.3,1657,46201,2025,5
1.1.4,367,46201,2025,5
1.2.1,2535,46201,2025,5
1.2.2,509,46201,2025,5
1.2.3,609,46201,2025,5
1.2.4,538,46201,2025,5
1.3.1,7420,46201,2025,5
1.3.2,1253,46201,2025,5
1.4.1,1247,46201,2025,5
1.4.2,1744,46201,2025,5
1.4.3,1250,46201,2025,5
1.5.1,5034,46201,2025,5
1.5.2,635,46201,2025,5
1.5.3,975,46201,2025,5
1.5.4,644,46201,2025,5
1.6.1,1767,46201,2025,5
1.6.2,177,46201,2025,5
1.7.1,385,46201,2025,5
1.7.2,3578,46201,2025,5
1.9.1,5724,46201,2025,5
1.9.2,6106,46201,2025,5
1.10.1,1272,46201,2025,5
1.10.2,1626,46201,2025,5
1.10.3,3176,46201,2025,5
1.12.1,14765,46201,2025,5
1.12.2,3320,46201,2025,5
2.2.1,303,46201,2025,5
2.2.2,462,46201,2025,5
4.1.1,2108,46201,2025,5
4.1.2,0,46201,2025,5
4.1.3,0,46201,2025,5
5.2.1,1602,46201,2025,5
5.2.2,2878,46201,2025,5
5.2.3,904,46201,2025,5
5.3.1,1711,46201,2025,5
5.3.2,1801,46201,2025,5
5.3.3,406,46201,2025,5
5.4.1,324,46201,2025,5
5.4.2,716,46201,2025,5
5.4.3,313,46201,2025,5
7.2.1,0,46201,2025,5
7.2.2,0,46201,2025,5
7.2.3,26776,46201,2025,5
9.4.1,940,46201,2025,5
9.4.2,1671,46201,2025,5
9.4.3,2398,46201,2025,5
9.4.4,8536,46201,2025,5
10.1.1,3849,46201,2025,5
10.1.2,4903,46201,2025,5
10.1.3,3960,46201,2025,5
10.1.4,1468,46201,2025,5
10.1.5,38576,46201,2025,5
10.3.1,5326,46201,2025,5
10.3.2,174,46201,2025,5
10.3.3,362,46201,2025,5
10.3.4,830,46201,2025,5
10.3.5,272,46201,2025,5
10.3.6,3058,46201,2025,5
10.3.7,3773,46201,2025,5
1.1.1,5001,47201,2025,5
1.1.2,2772,47201,2025,5
1.1.3,1636,47201,2025,5
1.1.4,413,47201,2025,5
1.2.1,2072,47201,2025,5
1.2.2,353,47201,2025,5
1.2.3,328,47201,2025,5
1.2.4,714,47201,2025,5
1.3.1,5961,47201,2025,5
1.3.2,1513,47201,2025,5
1.4.1,1017,47201,2025,5
1.4.2,1426,47201,2025,5
1.4.3,913,47201,2025,5
1.5.1,4896,47201,2025,5
1.5.2,483,47201,2025,5
1.5.3,920,47201,2025,5
1.5.4,588,47201,2025,5
1.6.1,1510,47201,2025,5
1.6.2,167,47201,2025,5
1.7.1,365,47201,2025,5
1.7.2,3255,47201,2025,5
1.9.1,5753,47201,2025,5
1.9.2,7291,47201,2025,5
1.10.1,1183,47201,2025,5
1.10.2,1328,47201,2025,5
1.10.3,3837,47201,2025,5
1.12.1,16103,47201,2025,5
1.12.2,1584,47201,2025,5
2.2.1,9604,47201,2025,5
2.2.2,13797,47201,2025,5
4.1.1,1465,47201,2025,5
4.1.2,390,47201,2025,5
4.1.3,454,47201,2025,5
5.2.1,775,47201,2025,5
5.2.2,1201,47201,2025,5
5.2.3,227,47201,2025,5
5.3.1,785,47201,2025,5
5.3.2,1268,47201,2025,5
5.3.3,23,47201,2025,5
5.4.1,270,47201,2025,5
5.4.2,174,47201,2025,5
5.4.3,35,47201,2025,5
7.2.1,0,47201,2025,5
7.2.2,0,47201,2025,5
7.2.3,12895,47201,2025,5
9.4.1,3305,47201,2025,5
9.4.2,76,47201,2025,5
9.4.3,1079,47201,2025,5
9.4.4,7509,47201,2025,5
10.1.1,2909,47201,2025,5
10.1.2,3661,47201,2025,5
10.1.3,902,47201,2025,5
10.1.4,1445,47201,2025,5
10.1.5,11044,47201,2025,5
10.3.1,3009,47201,2025,5
10.3.2,15,47201,2025,5
10.3.3,532,47201,2025,5
10.3.4,317,47201,2025,5
10.3.5,561,47201,2025,5
10.3.6,4595,47201,2025,5
10.3.7,3426,47201,2025,5
1.1.1,3207,14130,2025,5
1.1.2,2866,14130,2025,5
1.1.3,2550,14130,2025,5
1.1.4,451,14130,2025,5
1.2.1,2938,14130,2025,5
1.2.2,1065,14130,2025,5
1.2.3,609,14130,2025,5
1.2.4,899,14130,2025,5
1.3.1,8695,14130,2025,5
1.3.2,2313,14130,2025,5
1.4.1,1317,14130,2025,5
1.4.2,2634,14130,2025,5
1.4.3,1143,14130,2025,5
1.5.1,7449,14130,2025,5
1.5.2,598,14130,2025,5
1.5.3,1092,14130,2025,5
1.5.4,1154,14130,2025,5
1.6.1,2102,14130,2025,5
1.6.2,633,14130,2025,5
1.7.1,572,14130,2025,5
1.7.2,4226,14130,2025,5
1.9.1,5874,14130,2025,5
1.9.2,9338,14130,2025,5
1.10.1,1578,14130,2025,5
1.10.2,1439,14130,2025,5
1.10.3,4525,14130,2025,5
1.12.1,18667,14130,2025,5
1.12.2,137,14130,2025,5
2.2.1,116,14130,2025,5
2.2.2,1963,14130,2025,5
4.1.1,1059,14130,2025,5
4.1.2,1052,14130,2025,5
4.1.3,170,14130,2025,5
5.2.1,1778,14130,2025,5
5.2.2,3898,14130,2025,5
5.2.3,475,14130,2025,5
5.3.1,1166,14130,2025,5
5.3.2,1329,14130,2025,5
5.3.3,289,14130,2025,5
5.4.1,186,14130,2025,5
5.4.2,667,14130,2025,5
5.4.3,75,14130,2025,5
7.2.1,0,14130,2025,5
7.2.2,612,14130,2025,5
7.2.3,10861,14130,2025,5
9.4.1,7839,14130,2025,5
9.4.2,14936,14130,2025,5
9.4.3,3152,14130,2025,5
9.4.4,10972,14130,2025,5
10.1.1,2480,14130,2025,5
10.1.2,6987,14130,2025,5
10.1.3,1931,14130,2025,5
10.1.4,1755,14130,2025,5
10.1.5,11058,14130,2025,5
10.3.1,4483,14130,2025,5
10.3.2,357,14130,2025,5
10.3.3,942,14130,2025,5
10.3.4,768,14130,2025,5
10.3.5,1151,14130,2025,5
10.3.6,1889,14130,2025,5
10.3.7,6407,14130,2025,5
1.1.1,2607,14150,2025,5
1.1.2,3677,14150,2025,5
1.1.3,1794,14150,2025,5
1.1.4,575,14150,2025,5
1.2.1,3018,14150,2025,5
1.2.2,1177,14150,2025,5
1.2.3,422,14150,2025,5
1.2.4,763,14150,2025,5
1.3.1,7166,14150,2025,5
1.3.2,1512,14150,2025,5
1.4.1,1790,14150,2025,5
1.4.2,2525,14150,2025,5
1.4.3,1325,14150,2025,5
1.5.1,6252,14150,2025,5
1.5.2,703,14150,2025,5
1.5.3,1033,14150,2025,5
1.5.4,842,14150,2025,5
1.6.1,2814,14150,2025,5
1.6.2,281,14150,2025,5
1.7.1,430,14150,2025,5
1.7.2,3370,14150,2025,5
1.9.1,6504,14150,2025,5
1.9.2,6499,14150,2025,5
1.10.1,832,14150,2025,5
1.10.2,842,14150,2025,5
1.10.3,2692,14150,2025,5
1.12.1,19105,14150,2025,5
1.12.2,712,14150,2025,5
2.2.1,313,14150,2025,5
2.2.2,3464,14150,2025,5
4.1.1,760,14150,2025,5
4.1.2,7707,14150,2025,5
4.1.3,0,14150,2025,5
5.2.1,576,14150,2025,5
5.2.2,1206,14150,2025,5
5.2.3,151,14150,2025,5
5.3.1,1451,14150,2025,5
5.3.2,1102,14150,2025,5
5.3.3,116,14150,2025,5
5.4.1,230,14150,2025,5
5.4.2,493,14150,2025,5
5.4.3,220,14150,2025,5
7.2.1,0,14150,2025,5
7.2.2,771,14150,2025,5
7.2.3,11133,14150,2025,5
9.4.1,4343,14150,2025,5
9.4.2,624,14150,2025,5
9.4.3,3413,14150,2025,5
9.4.4,13301,14150,2025,5
10.1.1,3297,14150,2025,5
10.1.2,4972,14150,2025,5
10.1.3,1930,14150,2025,5
10.1.4,1629,14150,2025,5
10.1.5,13444,14150,2025,5
10.3.1,4488,14150,2025,5
10.3.2,41,14150,2025,5
10.3.3,276,14150,2025,5
10.3.4,434,14150,2025,5
10.3.5,469,14150,2025,5
10.3.6,2162,14150,2025,5
10.3.7,3262,14150,2025,5
1.1.1,4721,22130,2025,5
1.1.2,3210,22130,2025,5
1.1.3,1835,22130,2025,5
1.1.4,626,22130,2025,5
1.2.1,2155,22130,2025,5
1.2.2,665,22130,2025,5
1.2.3,687,22130,2025,5
1.2.4,852,22130,2025,5
1.3.1,7039,22130,2025,5
1.3.2,1692,22130,2025,5
1.4.1,1179,22130,2025,5
1.4.2,2181,22130,2025,5
1.4.3,1139,22130,2025,5
1.5.1,5958,22130,2025,5
1.5.2,804,22130,2025,5
1.5.3,1216,22130,2025,5
1.5.4,950,22130,2025,5
1.6.1,2028,22130,2025,5
1.6.2,301,22130,2025,5
1.7.1,449,22130,2025,5
1.7.2,3961,22130,2025,5
1.9.1,5987,22130,2025,5
1.9.2,6713,22130,2025,5
1.10.1,1016,22130,2025,5
1.10.2,1205,22130,2025,5
1.10.3,3112,22130,2025,5
1.12.1,16485,22130,2025,5
1.12.2,2138,22130,2025,5
2.2.1,45,22130,2025,5
2.2.2,4090,22130,2025,5
4.1.1,0,22130,2025,5
4.1.2,7079,22130,2025,5
4.1.3,391,22130,2025,5
5.2.1,572,22130,2025,5
5.2.2,723,22130,2025,5
5.2.3,554,22130,2025,5
5.3.1,1172,22130,2025,5
5.3.2,1463,22130,2025,5
5.3.3,626,22130,2025,5
5.4.1,137,22130,2025,5
5.4.2,609,22130,2025,5
5.4.3,319,22130,2025,5
7.2.1,23317,22130,2025,5
7.2.2,0,22130,2025,5
7.2.3,28234,22130,2025,5
9.4.1,182,22130,2025,5
9.4.2,209,22130,2025,5
9.4.3,2571,22130,2025,5
9.4.4,9197,22130,2025,5
10.1.1,3740,22130,2025,5
10.1.2,4555,22130,2025,5
10.1.3,1235,22130,2025,5
10.1.4,451,22130,2025,5
10.1.5,12046,22130,2025,5
10.3.1,3453,22130,2025,5
10.3.2,2370,22130,2025,5
10.3.3,152,22130,2025,5
10.3.4,452,22130,2025,5
10.3.5,352,22130,2025,5
10.3.6,1229,22130,2025,5
10.3.7,1929,22130,2025,5
1.1.1,4541,27140,2025,5
1.1.2,3408,27140,2025,5
1.1.3,2608,27140,2025,5
1.1.4,526,27140,2025,5
1.2.1,3620,27140,2025,5
1.2.2,1000,27140,2025,5
1.2.3,356,27140,2025,5
1.2.4,544,27140,2025,5
1.3.1,10587,27140,2025,5
1.3.2,1830,27140,2025,5
1.4.1,1079,27140,2025,5
1.4.2,1509,27140,2025,5
1.4.3,1475,27140,2025,5
1.5.1,5844,27140,2025,5
1.5.2,636,27140,2025,5
1.5.3,957,27140,2025,5
1.5.4,877,27140,2025,5
1.6.1,1925,27140,2025,5
1.6.2,279,27140,2025,5
1.7.1,387,27140,2025,5
1.7.2,3881,27140,2025,5
1.9.1,5964,27140,2025,5
1.9.2,8644,27140,2025,5
1.10.1,1165,27140,2025,5
1.10.2,1223,27140,2025,5
1.10.3,3779,27140,2025,5
1.12.1,17486,27140,2025,5
1.12.2,558,27140,2025,5
2.2.1,3472,27140,2025,5
2.2.2,212,27140,2025,5
4.1.1,0,27140,2025,5
4.1.2,0,27140,2025,5
4.1.3,1766,27140,2025,5
5.2.1,2485,27140,2025,5
5.2.2,2225,27140,2025,5
5.2.3,258,27140,2025,5
5.3.1,458,27140,2025,5
5.3.2,1164,27140,2025,5
5.3.3,483,27140,2025,5
5.4.1,681,27140,2025,5
5.4.2,483,27140,2025,5
5.4.3,182,27140,2025,5
7.2.1,0,27140,2025,5
7.2.2,3325,27140,2025,5
7.2.3,17983,27140,2025,5
9.4.1,0,27140,2025,5
9.4.2,623,27140,2025,5
9.4.3,5362,27140,2025,5
9.4.4,13905,27140,2025,5
10.1.1,4942,27140,2025,5
10.1.2,6260,27140,2025,5
10.1.3,1839,27140,2025,5
10.1.4,1727,27140,2025,5
10.1.5,12931,27140,2025,5
10.3.1,3814,27140,2025,5
10.3.2,73,27140,2025,5
10.3.3,373,27140,2025,5
10.3.4,2240,27140,2025,5
10.3.5,263,27140,2025,5
10.3.6,847,27140,2025,5
10.3.7,4037,27140,2025,5
1.1.1,3851,40100,2025,5
1.1.2,2158,40100,2025,5
1.1.3,1540,40100,2025,5
1.1.4,310,40100,2025,5
1.2.1,2095,40100,2025,5
1.2.2,680,40100,2025,5
1.2.3,433,40100,2025,5
1.2.4,628,40100,2025,5
1.3.1,7088,40100,2025,5
1.3.2,1133,40100,2025,5
1.4.1,1035,40100,2025,5
1.4.2,1197,40100,2025,5
1.4.3,1064,40100,2025,5
1.5.1,5343,40100,2025,5
1.5.2,574,40100,2025,5
1.5.3,861,40100,2025,5
1.5.4,770,40100,2025,5
1.6.1,1497,40100,2025,5
1.6.2,306,40100,2025,5
1.7.1,422,40100,2025,5
1.7.2,4196,40100,2025,5
1.9.1,4857,40100,2025,5
1.9.2,6426,40100,2025,5
1.10.1,859,40100,2025,5
1.10.2,1167,40100,2025,5
1.10.3,2376,40100,2025,5
1.12.1,12459,40100,2025,5
1.12.2,850,40100,2025,5
2.2.1,80,40100,2025,5
2.2.2,712,40100,2025,5
4.1.1,2207,40100,2025,5
4.1.2,0,40100,2025,5
4.1.3,0,40100,2025,5
5.2.1,897,40100,2025,5
5.2.2,1639,40100,2025,5
5.2.3,243,40100,2025,5
5.3.1,576,40100,2025,5
5.3.2,1616,40100,2025,5
5.3.3,133,40100,2025,5
5.4.1,295,40100,2025,5
5.4.2,436,40100,2025,5
5.4.3,172,40100,2025,5
7.2.1,0,40100,2025,5
7.2.2,0,40100,2025,5
7.2.3,25002,40100,2025,5
9.4.1,4740,40100,2025,5
9.4.2,420,40100,2025,5
9.4.3,2049,40100,2025,5
9.4.4,7098,40100,2025,5
10.1.1,3141,40100,2025,5
10.1.2,5419,40100,2025,5
10.1.3,1130,40100,2025,5
10.1.4,2053,40100,2025,5
10.1.5,11089,40100,2025,5
10.3.1,1368,40100,2025,5
10.3.2,405,40100,2025,5
10.3.3,131,40100,2025,5
10.3.4,153,40100,2025,5
10.3.5,18,40100,2025,5
10.3.6,3791,40100,2025,5
10.3.7,3591,40100,2025,5
